configuration ID,learning_rate,buffer,batch,tau,gamma,Reward,n_eval_episode
0,0.001,1000,32,0.001,0.5,-1352.338412,1
0,0.001,1000,32,0.001,0.5,-1381.263307,2
0,0.001,1000,32,0.001,0.5,-1383.176071,3
0,0.001,1000,32,0.001,0.5,-1494.011277,4
0,0.001,1000,32,0.001,0.5,-1502.690619,5
0,0.001,1000,32,0.001,0.5,-1494.097413,6
0,0.001,1000,32,0.001,0.5,-1466.069358,7
0,0.001,1000,32,0.001,0.5,-1503.107074,8
0,0.001,1000,32,0.001,0.5,-1497.50303,9
0,0.001,1000,32,0.001,0.5,-1513.583289,10
0,0.001,1000,32,0.001,0.5,-1498.22908,11
0,0.001,1000,32,0.001,0.5,-1491.427948,12
0,0.001,1000,32,0.001,0.5,-1469.353129,13
0,0.001,1000,32,0.001,0.5,-1473.61821,14
0,0.001,1000,32,0.001,0.5,-1505.261995,15
0,0.001,1000,32,0.001,0.5,-1386.108243,16
0,0.001,1000,32,0.001,0.5,-1468.464536,17
0,0.001,1000,32,0.001,0.5,-1438.397446,18
0,0.001,1000,32,0.001,0.5,-1492.018057,19
0,0.001,1000,32,0.001,0.5,-1505.215324,20
1,0.001,1000,32,0.001,0.99,-1.710048,1
1,0.001,1000,32,0.001,0.99,-1.524762,2
1,0.001,1000,32,0.001,0.99,-1.734587,3
1,0.001,1000,32,0.001,0.99,-1501.599965,4
1,0.001,1000,32,0.001,0.99,-266.458437,5
1,0.001,1000,32,0.001,0.99,-139.824771,6
1,0.001,1000,32,0.001,0.99,-124.393251,7
1,0.001,1000,32,0.001,0.99,-784.815924,8
1,0.001,1000,32,0.001,0.99,-779.998129,9
1,0.001,1000,32,0.001,0.99,-781.638849,10
1,0.001,1000,32,0.001,0.99,-259.123274,11
1,0.001,1000,32,0.001,0.99,-1497.703615,12
1,0.001,1000,32,0.001,0.99,-129.551554,13
1,0.001,1000,32,0.001,0.99,-260.202723,14
1,0.001,1000,32,0.001,0.99,-131.200843,15
1,0.001,1000,32,0.001,0.99,-268.697703,16
1,0.001,1000,32,0.001,0.99,-265.52881,17
1,0.001,1000,32,0.001,0.99,-453.94943,18
1,0.001,1000,32,0.001,0.99,-638.102946,19
1,0.001,1000,32,0.001,0.99,-125.029621,20
2,0.001,1000,32,0.01,0.5,-1281.122531,1
2,0.001,1000,32,0.01,0.5,-1345.527987,2
2,0.001,1000,32,0.01,0.5,-1214.822743,3
2,0.001,1000,32,0.01,0.5,-1502.259604,4
2,0.001,1000,32,0.01,0.5,-1515.706249,5
2,0.001,1000,32,0.01,0.5,-1351.991917,6
2,0.001,1000,32,0.01,0.5,-1363.922314,7
2,0.001,1000,32,0.01,0.5,-1432.611899,8
2,0.001,1000,32,0.01,0.5,-1497.109426,9
2,0.001,1000,32,0.01,0.5,-1507.457334,10
2,0.001,1000,32,0.01,0.5,-1317.175483,11
2,0.001,1000,32,0.01,0.5,-1336.936556,12
2,0.001,1000,32,0.01,0.5,-1307.827723,13
2,0.001,1000,32,0.01,0.5,-1394.694666,14
2,0.001,1000,32,0.01,0.5,-1219.251049,15
2,0.001,1000,32,0.01,0.5,-1498.42505,16
2,0.001,1000,32,0.01,0.5,-1386.378028,17
2,0.001,1000,32,0.01,0.5,-1207.746518,18
2,0.001,1000,32,0.01,0.5,-1388.390087,19
2,0.001,1000,32,0.01,0.5,-1240.161288,20
3,0.001,1000,32,0.01,0.99,-121.813277,1
3,0.001,1000,32,0.01,0.99,-241.036996,2
3,0.001,1000,32,0.01,0.99,-350.907587,3
3,0.001,1000,32,0.01,0.99,-249.932724,4
3,0.001,1000,32,0.01,0.99,-124.963347,5
3,0.001,1000,32,0.01,0.99,-1.675108,6
3,0.001,1000,32,0.01,0.99,-243.361882,7
3,0.001,1000,32,0.01,0.99,-364.679573,8
3,0.001,1000,32,0.01,0.99,-2.432996,9
3,0.001,1000,32,0.01,0.99,-116.888147,10
3,0.001,1000,32,0.01,0.99,-125.89025,11
3,0.001,1000,32,0.01,0.99,-121.103274,12
3,0.001,1000,32,0.01,0.99,-1.614196,13
3,0.001,1000,32,0.01,0.99,-115.970236,14
3,0.001,1000,32,0.01,0.99,-242.008985,15
3,0.001,1000,32,0.01,0.99,-129.217669,16
3,0.001,1000,32,0.01,0.99,-129.951416,17
3,0.001,1000,32,0.01,0.99,-249.235095,18
3,0.001,1000,32,0.01,0.99,-120.873885,19
3,0.001,1000,32,0.01,0.99,-256.012776,20
4,0.001,1000,64,0.001,0.5,-1443.957633,1
4,0.001,1000,64,0.001,0.5,-1450.118846,2
4,0.001,1000,64,0.001,0.5,-1444.559226,3
4,0.001,1000,64,0.001,0.5,-1491.705531,4
4,0.001,1000,64,0.001,0.5,-1443.716886,5
4,0.001,1000,64,0.001,0.5,-1313.39822,6
4,0.001,1000,64,0.001,0.5,-1436.345224,7
4,0.001,1000,64,0.001,0.5,-1514.664207,8
4,0.001,1000,64,0.001,0.5,-1457.792495,9
4,0.001,1000,64,0.001,0.5,-1374.636302,10
4,0.001,1000,64,0.001,0.5,-1496.980588,11
4,0.001,1000,64,0.001,0.5,-1334.386452,12
4,0.001,1000,64,0.001,0.5,-1353.512646,13
4,0.001,1000,64,0.001,0.5,-1449.168513,14
4,0.001,1000,64,0.001,0.5,-1479.691807,15
4,0.001,1000,64,0.001,0.5,-1436.356931,16
4,0.001,1000,64,0.001,0.5,-1468.248205,17
4,0.001,1000,64,0.001,0.5,-1262.034412,18
4,0.001,1000,64,0.001,0.5,-1393.951778,19
4,0.001,1000,64,0.001,0.5,-1431.650534,20
5,0.001,1000,64,0.001,0.99,-382.088963,1
5,0.001,1000,64,0.001,0.99,-0.438556,2
5,0.001,1000,64,0.001,0.99,-573.158071,3
5,0.001,1000,64,0.001,0.99,-1.958254,4
5,0.001,1000,64,0.001,0.99,-132.980159,5
5,0.001,1000,64,0.001,0.99,-266.173044,6
5,0.001,1000,64,0.001,0.99,-128.849274,7
5,0.001,1000,64,0.001,0.99,-262.561495,8
5,0.001,1000,64,0.001,0.99,-404.522031,9
5,0.001,1000,64,0.001,0.99,-405.85835,10
5,0.001,1000,64,0.001,0.99,-518.243612,11
5,0.001,1000,64,0.001,0.99,-263.214578,12
5,0.001,1000,64,0.001,0.99,-404.331555,13
5,0.001,1000,64,0.001,0.99,-134.435994,14
5,0.001,1000,64,0.001,0.99,-130.260371,15
5,0.001,1000,64,0.001,0.99,-267.11854,16
5,0.001,1000,64,0.001,0.99,-406.254447,17
5,0.001,1000,64,0.001,0.99,-1492.568126,18
5,0.001,1000,64,0.001,0.99,-403.15521,19
5,0.001,1000,64,0.001,0.99,-427.929616,20
6,0.001,1000,64,0.01,0.5,-1226.509675,1
6,0.001,1000,64,0.01,0.5,-1297.902977,2
6,0.001,1000,64,0.01,0.5,-1493.801393,3
6,0.001,1000,64,0.01,0.5,-1326.740453,4
6,0.001,1000,64,0.01,0.5,-1400.303396,5
6,0.001,1000,64,0.01,0.5,-1503.116895,6
6,0.001,1000,64,0.01,0.5,-1264.937573,7
6,0.001,1000,64,0.01,0.5,-1368.994267,8
6,0.001,1000,64,0.01,0.5,-1491.024625,9
6,0.001,1000,64,0.01,0.5,-1516.643747,10
6,0.001,1000,64,0.01,0.5,-1322.423261,11
6,0.001,1000,64,0.01,0.5,-1366.328246,12
6,0.001,1000,64,0.01,0.5,-1206.390217,13
6,0.001,1000,64,0.01,0.5,-1347.86013,14
6,0.001,1000,64,0.01,0.5,-1330.0834,15
6,0.001,1000,64,0.01,0.5,-1507.108777,16
6,0.001,1000,64,0.01,0.5,-1317.732185,17
6,0.001,1000,64,0.01,0.5,-1521.133173,18
6,0.001,1000,64,0.01,0.5,-1334.611683,19
6,0.001,1000,64,0.01,0.5,-1223.348274,20
7,0.001,1000,64,0.01,0.99,-243.492842,1
7,0.001,1000,64,0.01,0.99,-326.800175,2
7,0.001,1000,64,0.01,0.99,-123.83193,3
7,0.001,1000,64,0.01,0.99,-224.114885,4
7,0.001,1000,64,0.01,0.99,-0.62887,5
7,0.001,1000,64,0.01,0.99,-119.964604,6
7,0.001,1000,64,0.01,0.99,-245.326854,7
7,0.001,1000,64,0.01,0.99,-234.783577,8
7,0.001,1000,64,0.01,0.99,-113.829398,9
7,0.001,1000,64,0.01,0.99,-118.878645,10
7,0.001,1000,64,0.01,0.99,-118.348031,11
7,0.001,1000,64,0.01,0.99,-115.974619,12
7,0.001,1000,64,0.01,0.99,-113.841057,13
7,0.001,1000,64,0.01,0.99,-0.446048,14
7,0.001,1000,64,0.01,0.99,-121.16068,15
7,0.001,1000,64,0.01,0.99,-0.506925,16
7,0.001,1000,64,0.01,0.99,-125.682552,17
7,0.001,1000,64,0.01,0.99,-122.315259,18
7,0.001,1000,64,0.01,0.99,-118.769162,19
7,0.001,1000,64,0.01,0.99,-249.577734,20
8,0.001,1000,128,0.001,0.5,-1494.368752,1
8,0.001,1000,128,0.001,0.5,-1495.529105,2
8,0.001,1000,128,0.001,0.5,-1277.577407,3
8,0.001,1000,128,0.001,0.5,-1369.418677,4
8,0.001,1000,128,0.001,0.5,-1211.557816,5
8,0.001,1000,128,0.001,0.5,-1355.796345,6
8,0.001,1000,128,0.001,0.5,-1301.362423,7
8,0.001,1000,128,0.001,0.5,-1208.283107,8
8,0.001,1000,128,0.001,0.5,-1502.932734,9
8,0.001,1000,128,0.001,0.5,-1380.915112,10
8,0.001,1000,128,0.001,0.5,-0.550889,11
8,0.001,1000,128,0.001,0.5,-1390.475678,12
8,0.001,1000,128,0.001,0.5,-1232.117464,13
8,0.001,1000,128,0.001,0.5,-1346.168475,14
8,0.001,1000,128,0.001,0.5,-1496.757519,15
8,0.001,1000,128,0.001,0.5,-1378.686337,16
8,0.001,1000,128,0.001,0.5,-1352.211531,17
8,0.001,1000,128,0.001,0.5,-1503.393629,18
8,0.001,1000,128,0.001,0.5,-1380.974296,19
8,0.001,1000,128,0.001,0.5,-1304.984931,20
9,0.001,1000,128,0.001,0.99,-271.50022,1
9,0.001,1000,128,0.001,0.99,-655.19011,2
9,0.001,1000,128,0.001,0.99,-275.566765,3
9,0.001,1000,128,0.001,0.99,-637.821535,4
9,0.001,1000,128,0.001,0.99,-655.113045,5
9,0.001,1000,128,0.001,0.99,-658.005438,6
9,0.001,1000,128,0.001,0.99,-759.187889,7
9,0.001,1000,128,0.001,0.99,-669.747172,8
9,0.001,1000,128,0.001,0.99,-671.22334,9
9,0.001,1000,128,0.001,0.99,-1.695758,10
9,0.001,1000,128,0.001,0.99,-665.322772,11
9,0.001,1000,128,0.001,0.99,-565.422965,12
9,0.001,1000,128,0.001,0.99,-666.109787,13
9,0.001,1000,128,0.001,0.99,-817.737891,14
9,0.001,1000,128,0.001,0.99,-428.247232,15
9,0.001,1000,128,0.001,0.99,-664.804704,16
9,0.001,1000,128,0.001,0.99,-4.894157,17
9,0.001,1000,128,0.001,0.99,-802.924287,18
9,0.001,1000,128,0.001,0.99,-1.075632,19
9,0.001,1000,128,0.001,0.99,-670.200414,20
10,0.001,1000,128,0.01,0.5,-1313.243595,1
10,0.001,1000,128,0.01,0.5,-1301.324607,2
10,0.001,1000,128,0.01,0.5,-1321.928982,3
10,0.001,1000,128,0.01,0.5,-1252.273229,4
10,0.001,1000,128,0.01,0.5,-1495.276333,5
10,0.001,1000,128,0.01,0.5,-1290.021146,6
10,0.001,1000,128,0.01,0.5,-1498.609203,7
10,0.001,1000,128,0.01,0.5,-1495.187552,8
10,0.001,1000,128,0.01,0.5,-1273.090834,9
10,0.001,1000,128,0.01,0.5,-1497.532712,10
10,0.001,1000,128,0.01,0.5,-1190.046967,11
10,0.001,1000,128,0.01,0.5,-1238.081384,12
10,0.001,1000,128,0.01,0.5,-1341.238749,13
10,0.001,1000,128,0.01,0.5,-1217.807342,14
10,0.001,1000,128,0.01,0.5,-1495.832209,15
10,0.001,1000,128,0.01,0.5,-1335.685459,16
10,0.001,1000,128,0.01,0.5,-1302.573942,17
10,0.001,1000,128,0.01,0.5,-1283.454846,18
10,0.001,1000,128,0.01,0.5,-1264.714634,19
10,0.001,1000,128,0.01,0.5,-1170.184354,20
11,0.001,1000,128,0.01,0.99,-118.769845,1
11,0.001,1000,128,0.01,0.99,-119.86423,2
11,0.001,1000,128,0.01,0.99,-133.677901,3
11,0.001,1000,128,0.01,0.99,-339.668721,4
11,0.001,1000,128,0.01,0.99,-240.790429,5
11,0.001,1000,128,0.01,0.99,-120.72668,6
11,0.001,1000,128,0.01,0.99,-132.457609,7
11,0.001,1000,128,0.01,0.99,-4.502484,8
11,0.001,1000,128,0.01,0.99,-4.5172,9
11,0.001,1000,128,0.01,0.99,-124.021168,10
11,0.001,1000,128,0.01,0.99,-126.859538,11
11,0.001,1000,128,0.01,0.99,-323.398958,12
11,0.001,1000,128,0.01,0.99,-131.937066,13
11,0.001,1000,128,0.01,0.99,-125.53986,14
11,0.001,1000,128,0.01,0.99,-123.078325,15
11,0.001,1000,128,0.01,0.99,-128.048099,16
11,0.001,1000,128,0.01,0.99,-135.390154,17
11,0.001,1000,128,0.01,0.99,-231.902795,18
11,0.001,1000,128,0.01,0.99,-121.768908,19
11,0.001,1000,128,0.01,0.99,-127.5352,20
12,0.001,10000,32,0.001,0.5,-1216.367404,1
12,0.001,10000,32,0.001,0.5,-1386.974256,2
12,0.001,10000,32,0.001,0.5,-1511.909122,3
12,0.001,10000,32,0.001,0.5,-1180.248519,4
12,0.001,10000,32,0.001,0.5,-1307.984651,5
12,0.001,10000,32,0.001,0.5,-1366.398262,6
12,0.001,10000,32,0.001,0.5,-1371.792545,7
12,0.001,10000,32,0.001,0.5,-1352.223583,8
12,0.001,10000,32,0.001,0.5,-1208.914941,9
12,0.001,10000,32,0.001,0.5,-1235.030461,10
12,0.001,10000,32,0.001,0.5,-926.997287,11
12,0.001,10000,32,0.001,0.5,-1292.225193,12
12,0.001,10000,32,0.001,0.5,-1491.120428,13
12,0.001,10000,32,0.001,0.5,-1358.488157,14
12,0.001,10000,32,0.001,0.5,-1286.854551,15
12,0.001,10000,32,0.001,0.5,-1363.550649,16
12,0.001,10000,32,0.001,0.5,-1375.760333,17
12,0.001,10000,32,0.001,0.5,-1197.446537,18
12,0.001,10000,32,0.001,0.5,-1265.925426,19
12,0.001,10000,32,0.001,0.5,-1366.757317,20
13,0.001,10000,32,0.001,0.99,-948.155265,1
13,0.001,10000,32,0.001,0.99,-785.707445,2
13,0.001,10000,32,0.001,0.99,-903.205675,3
13,0.001,10000,32,0.001,0.99,-1498.172431,4
13,0.001,10000,32,0.001,0.99,-1491.247328,5
13,0.001,10000,32,0.001,0.99,-818.755163,6
13,0.001,10000,32,0.001,0.99,-908.006185,7
13,0.001,10000,32,0.001,0.99,-976.383084,8
13,0.001,10000,32,0.001,0.99,-928.502058,9
13,0.001,10000,32,0.001,0.99,-796.009026,10
13,0.001,10000,32,0.001,0.99,-910.823645,11
13,0.001,10000,32,0.001,0.99,-909.253794,12
13,0.001,10000,32,0.001,0.99,-920.589735,13
13,0.001,10000,32,0.001,0.99,-802.461575,14
13,0.001,10000,32,0.001,0.99,-914.794108,15
13,0.001,10000,32,0.001,0.99,-1500.875847,16
13,0.001,10000,32,0.001,0.99,-884.856566,17
13,0.001,10000,32,0.001,0.99,-888.493095,18
13,0.001,10000,32,0.001,0.99,-1494.742251,19
13,0.001,10000,32,0.001,0.99,-918.168091,20
14,0.001,10000,32,0.01,0.5,-1495.411666,1
14,0.001,10000,32,0.01,0.5,-1497.656082,2
14,0.001,10000,32,0.01,0.5,-1306.384319,3
14,0.001,10000,32,0.01,0.5,-1363.071571,4
14,0.001,10000,32,0.01,0.5,-1378.134689,5
14,0.001,10000,32,0.01,0.5,-984.506878,6
14,0.001,10000,32,0.01,0.5,-1356.960796,7
14,0.001,10000,32,0.01,0.5,-1299.726894,8
14,0.001,10000,32,0.01,0.5,-1339.624376,9
14,0.001,10000,32,0.01,0.5,-1248.711642,10
14,0.001,10000,32,0.01,0.5,-1276.383794,11
14,0.001,10000,32,0.01,0.5,-1294.186508,12
14,0.001,10000,32,0.01,0.5,-1354.566584,13
14,0.001,10000,32,0.01,0.5,-1281.573224,14
14,0.001,10000,32,0.01,0.5,-1378.802571,15
14,0.001,10000,32,0.01,0.5,-1359.625313,16
14,0.001,10000,32,0.01,0.5,-1299.511426,17
14,0.001,10000,32,0.01,0.5,-1304.182008,18
14,0.001,10000,32,0.01,0.5,-1503.12472,19
14,0.001,10000,32,0.01,0.5,-1346.607687,20
15,0.001,10000,32,0.01,0.99,-244.259238,1
15,0.001,10000,32,0.01,0.99,-123.438331,2
15,0.001,10000,32,0.01,0.99,-234.834164,3
15,0.001,10000,32,0.01,0.99,-122.600511,4
15,0.001,10000,32,0.01,0.99,-122.340827,5
15,0.001,10000,32,0.01,0.99,-114.445063,6
15,0.001,10000,32,0.01,0.99,-233.408416,7
15,0.001,10000,32,0.01,0.99,-123.248178,8
15,0.001,10000,32,0.01,0.99,-122.27198,9
15,0.001,10000,32,0.01,0.99,-1.718041,10
15,0.001,10000,32,0.01,0.99,-121.007493,11
15,0.001,10000,32,0.01,0.99,-121.380534,12
15,0.001,10000,32,0.01,0.99,-228.966721,13
15,0.001,10000,32,0.01,0.99,-250.08825,14
15,0.001,10000,32,0.01,0.99,-122.724141,15
15,0.001,10000,32,0.01,0.99,-240.045109,16
15,0.001,10000,32,0.01,0.99,-126.112504,17
15,0.001,10000,32,0.01,0.99,-2.59025,18
15,0.001,10000,32,0.01,0.99,-123.739191,19
15,0.001,10000,32,0.01,0.99,-237.735427,20
16,0.001,10000,64,0.001,0.5,-1497.504555,1
16,0.001,10000,64,0.001,0.5,-1339.669154,2
16,0.001,10000,64,0.001,0.5,-1349.347548,3
16,0.001,10000,64,0.001,0.5,-1442.748367,4
16,0.001,10000,64,0.001,0.5,-1404.620926,5
16,0.001,10000,64,0.001,0.5,-1425.786149,6
16,0.001,10000,64,0.001,0.5,-1407.31476,7
16,0.001,10000,64,0.001,0.5,-1337.912111,8
16,0.001,10000,64,0.001,0.5,-1295.74807,9
16,0.001,10000,64,0.001,0.5,-1493.422375,10
16,0.001,10000,64,0.001,0.5,-1491.219322,11
16,0.001,10000,64,0.001,0.5,-1491.003341,12
16,0.001,10000,64,0.001,0.5,-1443.748167,13
16,0.001,10000,64,0.001,0.5,-1411.403314,14
16,0.001,10000,64,0.001,0.5,-1519.964331,15
16,0.001,10000,64,0.001,0.5,-1498.469423,16
16,0.001,10000,64,0.001,0.5,-1492.142504,17
16,0.001,10000,64,0.001,0.5,-1443.861453,18
16,0.001,10000,64,0.001,0.5,-1500.127141,19
16,0.001,10000,64,0.001,0.5,-1376.554982,20
17,0.001,10000,64,0.001,0.99,-276.594856,1
17,0.001,10000,64,0.001,0.99,-135.046424,2
17,0.001,10000,64,0.001,0.99,-1.777582,3
17,0.001,10000,64,0.001,0.99,-1.139646,4
17,0.001,10000,64,0.001,0.99,-262.340341,5
17,0.001,10000,64,0.001,0.99,-138.923566,6
17,0.001,10000,64,0.001,0.99,-130.231716,7
17,0.001,10000,64,0.001,0.99,-127.931355,8
17,0.001,10000,64,0.001,0.99,-381.172709,9
17,0.001,10000,64,0.001,0.99,-305.000699,10
17,0.001,10000,64,0.001,0.99,-131.408288,11
17,0.001,10000,64,0.001,0.99,-256.355123,12
17,0.001,10000,64,0.001,0.99,-512.030867,13
17,0.001,10000,64,0.001,0.99,-271.729875,14
17,0.001,10000,64,0.001,0.99,-134.807541,15
17,0.001,10000,64,0.001,0.99,-133.25612,16
17,0.001,10000,64,0.001,0.99,-133.528736,17
17,0.001,10000,64,0.001,0.99,-526.485793,18
17,0.001,10000,64,0.001,0.99,-256.947279,19
17,0.001,10000,64,0.001,0.99,-1.821196,20
18,0.001,10000,64,0.01,0.5,-1281.24852,1
18,0.001,10000,64,0.01,0.5,-1358.272464,2
18,0.001,10000,64,0.01,0.5,-1354.111304,3
18,0.001,10000,64,0.01,0.5,-1326.249358,4
18,0.001,10000,64,0.01,0.5,-1493.410849,5
18,0.001,10000,64,0.01,0.5,-1334.276441,6
18,0.001,10000,64,0.01,0.5,-1500.415113,7
18,0.001,10000,64,0.01,0.5,-1317.579795,8
18,0.001,10000,64,0.01,0.5,-1320.110743,9
18,0.001,10000,64,0.01,0.5,-1351.659962,10
18,0.001,10000,64,0.01,0.5,-1309.894457,11
18,0.001,10000,64,0.01,0.5,-1510.655397,12
18,0.001,10000,64,0.01,0.5,-1308.889549,13
18,0.001,10000,64,0.01,0.5,-1495.949817,14
18,0.001,10000,64,0.01,0.5,-1245.438338,15
18,0.001,10000,64,0.01,0.5,-1312.771844,16
18,0.001,10000,64,0.01,0.5,-1324.667748,17
18,0.001,10000,64,0.01,0.5,-1300.287269,18
18,0.001,10000,64,0.01,0.5,-1325.406587,19
18,0.001,10000,64,0.01,0.5,-1408.05571,20
19,0.001,10000,64,0.01,0.99,-129.209574,1
19,0.001,10000,64,0.01,0.99,-2.638103,2
19,0.001,10000,64,0.01,0.99,-2.308793,3
19,0.001,10000,64,0.01,0.99,-230.148146,4
19,0.001,10000,64,0.01,0.99,-354.551854,5
19,0.001,10000,64,0.01,0.99,-353.137825,6
19,0.001,10000,64,0.01,0.99,-342.893936,7
19,0.001,10000,64,0.01,0.99,-228.13199,8
19,0.001,10000,64,0.01,0.99,-2.728345,9
19,0.001,10000,64,0.01,0.99,-132.608482,10
19,0.001,10000,64,0.01,0.99,-248.335614,11
19,0.001,10000,64,0.01,0.99,-121.217135,12
19,0.001,10000,64,0.01,0.99,-244.570095,13
19,0.001,10000,64,0.01,0.99,-355.890726,14
19,0.001,10000,64,0.01,0.99,-239.317807,15
19,0.001,10000,64,0.01,0.99,-120.561936,16
19,0.001,10000,64,0.01,0.99,-2.78523,17
19,0.001,10000,64,0.01,0.99,-356.864142,18
19,0.001,10000,64,0.01,0.99,-330.129143,19
19,0.001,10000,64,0.01,0.99,-131.189607,20
20,0.001,10000,128,0.001,0.5,-1222.986257,1
20,0.001,10000,128,0.001,0.5,-1492.572617,2
20,0.001,10000,128,0.001,0.5,-1371.292211,3
20,0.001,10000,128,0.001,0.5,-1027.013719,4
20,0.001,10000,128,0.001,0.5,-1291.520376,5
20,0.001,10000,128,0.001,0.5,-1295.375976,6
20,0.001,10000,128,0.001,0.5,-1268.882502,7
20,0.001,10000,128,0.001,0.5,-1354.721202,8
20,0.001,10000,128,0.001,0.5,-1186.02906,9
20,0.001,10000,128,0.001,0.5,-1328.736861,10
20,0.001,10000,128,0.001,0.5,-1143.134435,11
20,0.001,10000,128,0.001,0.5,-1269.179444,12
20,0.001,10000,128,0.001,0.5,-1237.828329,13
20,0.001,10000,128,0.001,0.5,-1286.727771,14
20,0.001,10000,128,0.001,0.5,-1308.202874,15
20,0.001,10000,128,0.001,0.5,-1502.644966,16
20,0.001,10000,128,0.001,0.5,-1317.730715,17
20,0.001,10000,128,0.001,0.5,-1327.184685,18
20,0.001,10000,128,0.001,0.5,-1493.970379,19
20,0.001,10000,128,0.001,0.5,-1278.324724,20
21,0.001,10000,128,0.001,0.99,-270.701311,1
21,0.001,10000,128,0.001,0.99,-1496.544181,2
21,0.001,10000,128,0.001,0.99,-272.271018,3
21,0.001,10000,128,0.001,0.99,-2.111621,4
21,0.001,10000,128,0.001,0.99,-265.370976,5
21,0.001,10000,128,0.001,0.99,-270.363828,6
21,0.001,10000,128,0.001,0.99,-1495.59177,7
21,0.001,10000,128,0.001,0.99,-137.125155,8
21,0.001,10000,128,0.001,0.99,-1490.943717,9
21,0.001,10000,128,0.001,0.99,-132.92181,10
21,0.001,10000,128,0.001,0.99,-436.578781,11
21,0.001,10000,128,0.001,0.99,-267.550139,12
21,0.001,10000,128,0.001,0.99,-280.983445,13
21,0.001,10000,128,0.001,0.99,-270.35342,14
21,0.001,10000,128,0.001,0.99,-1496.83696,15
21,0.001,10000,128,0.001,0.99,-270.374793,16
21,0.001,10000,128,0.001,0.99,-133.76451,17
21,0.001,10000,128,0.001,0.99,-1492.474097,18
21,0.001,10000,128,0.001,0.99,-136.635902,19
21,0.001,10000,128,0.001,0.99,-137.436604,20
22,0.001,10000,128,0.01,0.5,-1263.067019,1
22,0.001,10000,128,0.01,0.5,-1282.062456,2
22,0.001,10000,128,0.01,0.5,-1307.736772,3
22,0.001,10000,128,0.01,0.5,-1282.063019,4
22,0.001,10000,128,0.01,0.5,-1316.07099,5
22,0.001,10000,128,0.01,0.5,-1340.078611,6
22,0.001,10000,128,0.01,0.5,-1158.907989,7
22,0.001,10000,128,0.01,0.5,-1287.633305,8
22,0.001,10000,128,0.01,0.5,-1270.514191,9
22,0.001,10000,128,0.01,0.5,-1322.239347,10
22,0.001,10000,128,0.01,0.5,-1324.353347,11
22,0.001,10000,128,0.01,0.5,-914.357722,12
22,0.001,10000,128,0.01,0.5,-1319.025397,13
22,0.001,10000,128,0.01,0.5,-1288.626297,14
22,0.001,10000,128,0.01,0.5,-1161.289185,15
22,0.001,10000,128,0.01,0.5,-1319.803304,16
22,0.001,10000,128,0.01,0.5,-1335.390328,17
22,0.001,10000,128,0.01,0.5,-1302.301783,18
22,0.001,10000,128,0.01,0.5,-1281.298018,19
22,0.001,10000,128,0.01,0.5,-1501.874341,20
23,0.001,10000,128,0.01,0.99,-118.07461,1
23,0.001,10000,128,0.01,0.99,-0.89317,2
23,0.001,10000,128,0.01,0.99,-220.161135,3
23,0.001,10000,128,0.01,0.99,-125.371828,4
23,0.001,10000,128,0.01,0.99,-248.744765,5
23,0.001,10000,128,0.01,0.99,-123.389668,6
23,0.001,10000,128,0.01,0.99,-123.80522,7
23,0.001,10000,128,0.01,0.99,-0.438289,8
23,0.001,10000,128,0.01,0.99,-126.055184,9
23,0.001,10000,128,0.01,0.99,-245.379359,10
23,0.001,10000,128,0.01,0.99,-129.173187,11
23,0.001,10000,128,0.01,0.99,-126.950913,12
23,0.001,10000,128,0.01,0.99,-2.339694,13
23,0.001,10000,128,0.01,0.99,-116.527728,14
23,0.001,10000,128,0.01,0.99,-116.418074,15
23,0.001,10000,128,0.01,0.99,-120.233914,16
23,0.001,10000,128,0.01,0.99,-118.022955,17
23,0.001,10000,128,0.01,0.99,-131.878323,18
23,0.001,10000,128,0.01,0.99,-124.024442,19
23,0.001,10000,128,0.01,0.99,-231.84571,20
24,0.001,100000,32,0.001,0.5,-1440.951798,1
24,0.001,100000,32,0.001,0.5,-1483.81515,2
24,0.001,100000,32,0.001,0.5,-1500.227733,3
24,0.001,100000,32,0.001,0.5,-1318.759042,4
24,0.001,100000,32,0.001,0.5,-1412.73473,5
24,0.001,100000,32,0.001,0.5,-1436.832271,6
24,0.001,100000,32,0.001,0.5,-1486.226915,7
24,0.001,100000,32,0.001,0.5,-1075.561675,8
24,0.001,100000,32,0.001,0.5,-1181.677303,9
24,0.001,100000,32,0.001,0.5,-1504.193305,10
24,0.001,100000,32,0.001,0.5,-1402.352606,11
24,0.001,100000,32,0.001,0.5,-1174.679468,12
24,0.001,100000,32,0.001,0.5,-1229.935808,13
24,0.001,100000,32,0.001,0.5,-1473.213452,14
24,0.001,100000,32,0.001,0.5,-1135.825216,15
24,0.001,100000,32,0.001,0.5,-1262.80768,16
24,0.001,100000,32,0.001,0.5,-1401.164182,17
24,0.001,100000,32,0.001,0.5,-1506.079384,18
24,0.001,100000,32,0.001,0.5,-1504.518518,19
24,0.001,100000,32,0.001,0.5,-1371.450137,20
25,0.001,100000,32,0.001,0.99,-604.850816,1
25,0.001,100000,32,0.001,0.99,-408.330635,2
25,0.001,100000,32,0.001,0.99,-664.330552,3
25,0.001,100000,32,0.001,0.99,-405.220984,4
25,0.001,100000,32,0.001,0.99,-532.736008,5
25,0.001,100000,32,0.001,0.99,-410.274135,6
25,0.001,100000,32,0.001,0.99,-684.079255,7
25,0.001,100000,32,0.001,0.99,-537.888593,8
25,0.001,100000,32,0.001,0.99,-684.423022,9
25,0.001,100000,32,0.001,0.99,-548.962357,10
25,0.001,100000,32,0.001,0.99,-526.765115,11
25,0.001,100000,32,0.001,0.99,-413.558882,12
25,0.001,100000,32,0.001,0.99,-1493.829722,13
25,0.001,100000,32,0.001,0.99,-654.588934,14
25,0.001,100000,32,0.001,0.99,-656.479838,15
25,0.001,100000,32,0.001,0.99,-1495.165628,16
25,0.001,100000,32,0.001,0.99,-673.683521,17
25,0.001,100000,32,0.001,0.99,-534.333654,18
25,0.001,100000,32,0.001,0.99,-535.074491,19
25,0.001,100000,32,0.001,0.99,-541.589474,20
26,0.001,100000,32,0.01,0.5,-1344.926127,1
26,0.001,100000,32,0.01,0.5,-1217.877088,2
26,0.001,100000,32,0.01,0.5,-1348.330492,3
26,0.001,100000,32,0.01,0.5,-1334.124109,4
26,0.001,100000,32,0.01,0.5,-1299.64067,5
26,0.001,100000,32,0.01,0.5,-1240.096246,6
26,0.001,100000,32,0.01,0.5,-1501.779434,7
26,0.001,100000,32,0.01,0.5,-1300.536046,8
26,0.001,100000,32,0.01,0.5,-1383.373356,9
26,0.001,100000,32,0.01,0.5,-1246.725447,10
26,0.001,100000,32,0.01,0.5,-1338.028709,11
26,0.001,100000,32,0.01,0.5,-1364.678061,12
26,0.001,100000,32,0.01,0.5,-1357.282929,13
26,0.001,100000,32,0.01,0.5,-1384.814082,14
26,0.001,100000,32,0.01,0.5,-1174.837075,15
26,0.001,100000,32,0.01,0.5,-1352.178039,16
26,0.001,100000,32,0.01,0.5,-1324.769785,17
26,0.001,100000,32,0.01,0.5,-1502.86871,18
26,0.001,100000,32,0.01,0.5,-1308.334892,19
26,0.001,100000,32,0.01,0.5,-1289.364236,20
27,0.001,100000,32,0.01,0.99,-119.687682,1
27,0.001,100000,32,0.01,0.99,-1.785842,2
27,0.001,100000,32,0.01,0.99,-1.384517,3
27,0.001,100000,32,0.01,0.99,-237.689965,4
27,0.001,100000,32,0.01,0.99,-130.302819,5
27,0.001,100000,32,0.01,0.99,-126.686399,6
27,0.001,100000,32,0.01,0.99,-114.764493,7
27,0.001,100000,32,0.01,0.99,-1.309292,8
27,0.001,100000,32,0.01,0.99,-125.424219,9
27,0.001,100000,32,0.01,0.99,-365.68508,10
27,0.001,100000,32,0.01,0.99,-356.606339,11
27,0.001,100000,32,0.01,0.99,-118.957798,12
27,0.001,100000,32,0.01,0.99,-126.781197,13
27,0.001,100000,32,0.01,0.99,-122.766965,14
27,0.001,100000,32,0.01,0.99,-124.303113,15
27,0.001,100000,32,0.01,0.99,-234.856614,16
27,0.001,100000,32,0.01,0.99,-243.547963,17
27,0.001,100000,32,0.01,0.99,-128.073896,18
27,0.001,100000,32,0.01,0.99,-240.599486,19
27,0.001,100000,32,0.01,0.99,-117.570018,20
28,0.001,100000,64,0.001,0.5,-1208.332507,1
28,0.001,100000,64,0.001,0.5,-1355.615203,2
28,0.001,100000,64,0.001,0.5,-1193.110449,3
28,0.001,100000,64,0.001,0.5,-1347.010223,4
28,0.001,100000,64,0.001,0.5,-1370.861823,5
28,0.001,100000,64,0.001,0.5,-1512.630754,6
28,0.001,100000,64,0.001,0.5,-1499.081725,7
28,0.001,100000,64,0.001,0.5,-1501.313221,8
28,0.001,100000,64,0.001,0.5,-1348.324453,9
28,0.001,100000,64,0.001,0.5,-956.488457,10
28,0.001,100000,64,0.001,0.5,-1310.39142,11
28,0.001,100000,64,0.001,0.5,-1342.72912,12
28,0.001,100000,64,0.001,0.5,-1368.518614,13
28,0.001,100000,64,0.001,0.5,-1332.475517,14
28,0.001,100000,64,0.001,0.5,-1490.887311,15
28,0.001,100000,64,0.001,0.5,-1350.218454,16
28,0.001,100000,64,0.001,0.5,-1346.706404,17
28,0.001,100000,64,0.001,0.5,-1513.933038,18
28,0.001,100000,64,0.001,0.5,-1499.494946,19
28,0.001,100000,64,0.001,0.5,-1345.833964,20
29,0.001,100000,64,0.001,0.99,-562.00827,1
29,0.001,100000,64,0.001,0.99,-548.195144,2
29,0.001,100000,64,0.001,0.99,-679.430643,3
29,0.001,100000,64,0.001,0.99,-481.102385,4
29,0.001,100000,64,0.001,0.99,-1499.847557,5
29,0.001,100000,64,0.001,0.99,-665.991077,6
29,0.001,100000,64,0.001,0.99,-553.001324,7
29,0.001,100000,64,0.001,0.99,-542.108894,8
29,0.001,100000,64,0.001,0.99,-676.111877,9
29,0.001,100000,64,0.001,0.99,-433.872603,10
29,0.001,100000,64,0.001,0.99,-671.245495,11
29,0.001,100000,64,0.001,0.99,-539.067778,12
29,0.001,100000,64,0.001,0.99,-682.45075,13
29,0.001,100000,64,0.001,0.99,-1494.291099,14
29,0.001,100000,64,0.001,0.99,-682.555847,15
29,0.001,100000,64,0.001,0.99,-552.467265,16
29,0.001,100000,64,0.001,0.99,-672.446994,17
29,0.001,100000,64,0.001,0.99,-723.454023,18
29,0.001,100000,64,0.001,0.99,-539.392863,19
29,0.001,100000,64,0.001,0.99,-666.723724,20
30,0.001,100000,64,0.01,0.5,-1285.291067,1
30,0.001,100000,64,0.01,0.5,-1340.984768,2
30,0.001,100000,64,0.01,0.5,-1341.254211,3
30,0.001,100000,64,0.01,0.5,-1321.041334,4
30,0.001,100000,64,0.01,0.5,-1306.192677,5
30,0.001,100000,64,0.01,0.5,-1514.782485,6
30,0.001,100000,64,0.01,0.5,-1326.415411,7
30,0.001,100000,64,0.01,0.5,-1295.045473,8
30,0.001,100000,64,0.01,0.5,-1360.782609,9
30,0.001,100000,64,0.01,0.5,-1308.853105,10
30,0.001,100000,64,0.01,0.5,-1311.047334,11
30,0.001,100000,64,0.01,0.5,-1512.956468,12
30,0.001,100000,64,0.01,0.5,-1500.094921,13
30,0.001,100000,64,0.01,0.5,-1492.519275,14
30,0.001,100000,64,0.01,0.5,-1496.265889,15
30,0.001,100000,64,0.01,0.5,-1176.156433,16
30,0.001,100000,64,0.01,0.5,-1502.277527,17
30,0.001,100000,64,0.01,0.5,-1510.81276,18
30,0.001,100000,64,0.01,0.5,-1338.951559,19
30,0.001,100000,64,0.01,0.5,-1347.866951,20
31,0.001,100000,64,0.01,0.99,-120.754025,1
31,0.001,100000,64,0.01,0.99,-116.343039,2
31,0.001,100000,64,0.01,0.99,-1.259336,3
31,0.001,100000,64,0.01,0.99,-231.182031,4
31,0.001,100000,64,0.01,0.99,-124.482223,5
31,0.001,100000,64,0.01,0.99,-122.605718,6
31,0.001,100000,64,0.01,0.99,-119.679381,7
31,0.001,100000,64,0.01,0.99,-118.078462,8
31,0.001,100000,64,0.01,0.99,-336.962859,9
31,0.001,100000,64,0.01,0.99,-247.323186,10
31,0.001,100000,64,0.01,0.99,-236.092405,11
31,0.001,100000,64,0.01,0.99,-0.343623,12
31,0.001,100000,64,0.01,0.99,-115.984915,13
31,0.001,100000,64,0.01,0.99,-123.702326,14
31,0.001,100000,64,0.01,0.99,-124.772119,15
31,0.001,100000,64,0.01,0.99,-126.215094,16
31,0.001,100000,64,0.01,0.99,-1.279995,17
31,0.001,100000,64,0.01,0.99,-113.090277,18
31,0.001,100000,64,0.01,0.99,-123.801173,19
31,0.001,100000,64,0.01,0.99,-123.765939,20
32,0.001,100000,128,0.001,0.5,-1323.282257,1
32,0.001,100000,128,0.001,0.5,-1313.151778,2
32,0.001,100000,128,0.001,0.5,-1500.511802,3
32,0.001,100000,128,0.001,0.5,-1302.998732,4
32,0.001,100000,128,0.001,0.5,-1498.259334,5
32,0.001,100000,128,0.001,0.5,-1493.404575,6
32,0.001,100000,128,0.001,0.5,-1146.558402,7
32,0.001,100000,128,0.001,0.5,-1496.062599,8
32,0.001,100000,128,0.001,0.5,-1494.962428,9
32,0.001,100000,128,0.001,0.5,-1153.043558,10
32,0.001,100000,128,0.001,0.5,-1280.145986,11
32,0.001,100000,128,0.001,0.5,-1323.439141,12
32,0.001,100000,128,0.001,0.5,-1287.521752,13
32,0.001,100000,128,0.001,0.5,-1497.288646,14
32,0.001,100000,128,0.001,0.5,-1270.11494,15
32,0.001,100000,128,0.001,0.5,-1331.853611,16
32,0.001,100000,128,0.001,0.5,-1326.116428,17
32,0.001,100000,128,0.001,0.5,-1510.893274,18
32,0.001,100000,128,0.001,0.5,-1325.459888,19
32,0.001,100000,128,0.001,0.5,-1491.459887,20
33,0.001,100000,128,0.001,0.99,-1.394618,1
33,0.001,100000,128,0.001,0.99,-262.041306,2
33,0.001,100000,128,0.001,0.99,-129.600183,3
33,0.001,100000,128,0.001,0.99,-127.909515,4
33,0.001,100000,128,0.001,0.99,-127.871689,5
33,0.001,100000,128,0.001,0.99,-1.850907,6
33,0.001,100000,128,0.001,0.99,-609.286493,7
33,0.001,100000,128,0.001,0.99,-258.834172,8
33,0.001,100000,128,0.001,0.99,-1.496509,9
33,0.001,100000,128,0.001,0.99,-262.842778,10
33,0.001,100000,128,0.001,0.99,-787.274321,11
33,0.001,100000,128,0.001,0.99,-259.602085,12
33,0.001,100000,128,0.001,0.99,-1497.781734,13
33,0.001,100000,128,0.001,0.99,-267.814003,14
33,0.001,100000,128,0.001,0.99,-128.937374,15
33,0.001,100000,128,0.001,0.99,-263.325932,16
33,0.001,100000,128,0.001,0.99,-259.425874,17
33,0.001,100000,128,0.001,0.99,-1491.442867,18
33,0.001,100000,128,0.001,0.99,-623.431494,19
33,0.001,100000,128,0.001,0.99,-268.875538,20
34,0.001,100000,128,0.01,0.5,-1318.696706,1
34,0.001,100000,128,0.01,0.5,-1318.609755,2
34,0.001,100000,128,0.01,0.5,-1212.375588,3
34,0.001,100000,128,0.01,0.5,-1325.523181,4
34,0.001,100000,128,0.01,0.5,-1285.588579,5
34,0.001,100000,128,0.01,0.5,-1502.030575,6
34,0.001,100000,128,0.01,0.5,-1374.13368,7
34,0.001,100000,128,0.01,0.5,-1264.255944,8
34,0.001,100000,128,0.01,0.5,-1320.773007,9
34,0.001,100000,128,0.01,0.5,-1497.137908,10
34,0.001,100000,128,0.01,0.5,-1310.924019,11
34,0.001,100000,128,0.01,0.5,-1317.105377,12
34,0.001,100000,128,0.01,0.5,-1496.08358,13
34,0.001,100000,128,0.01,0.5,-1288.206495,14
34,0.001,100000,128,0.01,0.5,-1302.652843,15
34,0.001,100000,128,0.01,0.5,-1493.330574,16
34,0.001,100000,128,0.01,0.5,-1327.234947,17
34,0.001,100000,128,0.01,0.5,-1330.927125,18
34,0.001,100000,128,0.01,0.5,-1288.965093,19
34,0.001,100000,128,0.01,0.5,-1274.593571,20
35,0.001,100000,128,0.01,0.99,-129.806854,1
35,0.001,100000,128,0.01,0.99,-117.214015,2
35,0.001,100000,128,0.01,0.99,-380.129138,3
35,0.001,100000,128,0.01,0.99,-117.504484,4
35,0.001,100000,128,0.01,0.99,-121.907439,5
35,0.001,100000,128,0.01,0.99,-121.98314,6
35,0.001,100000,128,0.01,0.99,-117.818341,7
35,0.001,100000,128,0.01,0.99,-124.488132,8
35,0.001,100000,128,0.01,0.99,-128.395344,9
35,0.001,100000,128,0.01,0.99,-125.418053,10
35,0.001,100000,128,0.01,0.99,-240.235824,11
35,0.001,100000,128,0.01,0.99,-226.14724,12
35,0.001,100000,128,0.01,0.99,-117.637339,13
35,0.001,100000,128,0.01,0.99,-373.469179,14
35,0.001,100000,128,0.01,0.99,-243.919934,15
35,0.001,100000,128,0.01,0.99,-124.957198,16
35,0.001,100000,128,0.01,0.99,-120.376792,17
35,0.001,100000,128,0.01,0.99,-244.470781,18
35,0.001,100000,128,0.01,0.99,-2.778196,19
35,0.001,100000,128,0.01,0.99,-226.859739,20
36,0.01,1000,32,0.001,0.5,-1515.561496,1
36,0.01,1000,32,0.001,0.5,-1502.069183,2
36,0.01,1000,32,0.001,0.5,-1617.916524,3
36,0.01,1000,32,0.001,0.5,-1490.963142,4
36,0.01,1000,32,0.001,0.5,-1313.005316,5
36,0.01,1000,32,0.001,0.5,-1387.390127,6
36,0.01,1000,32,0.001,0.5,-1493.652455,7
36,0.01,1000,32,0.001,0.5,-1143.567119,8
36,0.01,1000,32,0.001,0.5,-1304.100918,9
36,0.01,1000,32,0.001,0.5,-1142.831276,10
36,0.01,1000,32,0.001,0.5,-1525.167918,11
36,0.01,1000,32,0.001,0.5,-1365.405666,12
36,0.01,1000,32,0.001,0.5,-1342.486018,13
36,0.01,1000,32,0.001,0.5,-1675.680392,14
36,0.01,1000,32,0.001,0.5,-1435.603153,15
36,0.01,1000,32,0.001,0.5,-870.625275,16
36,0.01,1000,32,0.001,0.5,-1678.622189,17
36,0.01,1000,32,0.001,0.5,-1410.287468,18
36,0.01,1000,32,0.001,0.5,-1357.711795,19
36,0.01,1000,32,0.001,0.5,-1398.562087,20
37,0.01,1000,32,0.001,0.99,-1300.097914,1
37,0.01,1000,32,0.001,0.99,-1239.659457,2
37,0.01,1000,32,0.001,0.99,-1253.127682,3
37,0.01,1000,32,0.001,0.99,-1668.715998,4
37,0.01,1000,32,0.001,0.99,-1572.794663,5
37,0.01,1000,32,0.001,0.99,-1314.010584,6
37,0.01,1000,32,0.001,0.99,-1672.371443,7
37,0.01,1000,32,0.001,0.99,-1510.431663,8
37,0.01,1000,32,0.001,0.99,-1358.319396,9
37,0.01,1000,32,0.001,0.99,-1669.649271,10
37,0.01,1000,32,0.001,0.99,-1378.99973,11
37,0.01,1000,32,0.001,0.99,-1497.716008,12
37,0.01,1000,32,0.001,0.99,-1623.170996,13
37,0.01,1000,32,0.001,0.99,-1174.194546,14
37,0.01,1000,32,0.001,0.99,-844.188252,15
37,0.01,1000,32,0.001,0.99,-1484.23482,16
37,0.01,1000,32,0.001,0.99,-1261.39335,17
37,0.01,1000,32,0.001,0.99,-620.451253,18
37,0.01,1000,32,0.001,0.99,-1450.642854,19
37,0.01,1000,32,0.001,0.99,-1379.150834,20
38,0.01,1000,32,0.01,0.5,-1612.076857,1
38,0.01,1000,32,0.01,0.5,-1497.917955,2
38,0.01,1000,32,0.01,0.5,-1594.230706,3
38,0.01,1000,32,0.01,0.5,-1491.292446,4
38,0.01,1000,32,0.01,0.5,-1378.829285,5
38,0.01,1000,32,0.01,0.5,-1490.974339,6
38,0.01,1000,32,0.01,0.5,-1123.939325,7
38,0.01,1000,32,0.01,0.5,-1635.57656,8
38,0.01,1000,32,0.01,0.5,-1435.558048,9
38,0.01,1000,32,0.01,0.5,-1508.221707,10
38,0.01,1000,32,0.01,0.5,-1434.485606,11
38,0.01,1000,32,0.01,0.5,-1591.823788,12
38,0.01,1000,32,0.01,0.5,-1640.415138,13
38,0.01,1000,32,0.01,0.5,-1496.082652,14
38,0.01,1000,32,0.01,0.5,-1362.791049,15
38,0.01,1000,32,0.01,0.5,-1641.186731,16
38,0.01,1000,32,0.01,0.5,-1591.852944,17
38,0.01,1000,32,0.01,0.5,-1632.641805,18
38,0.01,1000,32,0.01,0.5,-1299.791649,19
38,0.01,1000,32,0.01,0.5,-1305.716058,20
39,0.01,1000,32,0.01,0.99,-1522.096984,1
39,0.01,1000,32,0.01,0.99,-1189.256154,2
39,0.01,1000,32,0.01,0.99,-1516.506737,3
39,0.01,1000,32,0.01,0.99,-1439.705941,4
39,0.01,1000,32,0.01,0.99,-1498.331863,5
39,0.01,1000,32,0.01,0.99,-730.525084,6
39,0.01,1000,32,0.01,0.99,-1351.231582,7
39,0.01,1000,32,0.01,0.99,-1654.333021,8
39,0.01,1000,32,0.01,0.99,-1168.448963,9
39,0.01,1000,32,0.01,0.99,-958.292872,10
39,0.01,1000,32,0.01,0.99,-1181.406971,11
39,0.01,1000,32,0.01,0.99,-1684.205207,12
39,0.01,1000,32,0.01,0.99,-1353.7323,13
39,0.01,1000,32,0.01,0.99,-1520.523168,14
39,0.01,1000,32,0.01,0.99,-1516.57749,15
39,0.01,1000,32,0.01,0.99,-924.793275,16
39,0.01,1000,32,0.01,0.99,-1494.452247,17
39,0.01,1000,32,0.01,0.99,-1560.597025,18
39,0.01,1000,32,0.01,0.99,-1681.33512,19
39,0.01,1000,32,0.01,0.99,-1268.912254,20
40,0.01,1000,64,0.001,0.5,-1451.448307,1
40,0.01,1000,64,0.001,0.5,-1503.927797,2
40,0.01,1000,64,0.001,0.5,-854.269408,3
40,0.01,1000,64,0.001,0.5,-1504.145707,4
40,0.01,1000,64,0.001,0.5,-1506.30463,5
40,0.01,1000,64,0.001,0.5,-1291.366485,6
40,0.01,1000,64,0.001,0.5,-1497.399359,7
40,0.01,1000,64,0.001,0.5,-1475.869086,8
40,0.01,1000,64,0.001,0.5,-1088.38676,9
40,0.01,1000,64,0.001,0.5,-932.48292,10
40,0.01,1000,64,0.001,0.5,-1300.585501,11
40,0.01,1000,64,0.001,0.5,-1346.902447,12
40,0.01,1000,64,0.001,0.5,-1416.403194,13
40,0.01,1000,64,0.001,0.5,-1500.941237,14
40,0.01,1000,64,0.001,0.5,-1491.385031,15
40,0.01,1000,64,0.001,0.5,-1606.914375,16
40,0.01,1000,64,0.001,0.5,-1682.223929,17
40,0.01,1000,64,0.001,0.5,-721.092466,18
40,0.01,1000,64,0.001,0.5,-1210.65409,19
40,0.01,1000,64,0.001,0.5,-1374.86089,20
41,0.01,1000,64,0.001,0.99,-1506.64556,1
41,0.01,1000,64,0.001,0.99,-1522.051804,2
41,0.01,1000,64,0.001,0.99,-1636.504592,3
41,0.01,1000,64,0.001,0.99,-1161.325995,4
41,0.01,1000,64,0.001,0.99,-1647.868226,5
41,0.01,1000,64,0.001,0.99,-1187.857921,6
41,0.01,1000,64,0.001,0.99,-1209.096397,7
41,0.01,1000,64,0.001,0.99,-1653.405897,8
41,0.01,1000,64,0.001,0.99,-1464.577154,9
41,0.01,1000,64,0.001,0.99,-1273.449919,10
41,0.01,1000,64,0.001,0.99,-1506.908505,11
41,0.01,1000,64,0.001,0.99,-1183.772212,12
41,0.01,1000,64,0.001,0.99,-1667.169801,13
41,0.01,1000,64,0.001,0.99,-1656.355704,14
41,0.01,1000,64,0.001,0.99,-1604.723867,15
41,0.01,1000,64,0.001,0.99,-1606.936204,16
41,0.01,1000,64,0.001,0.99,-1670.21907,17
41,0.01,1000,64,0.001,0.99,-1666.14413,18
41,0.01,1000,64,0.001,0.99,-1675.240599,19
41,0.01,1000,64,0.001,0.99,-1630.737807,20
42,0.01,1000,64,0.01,0.5,-1679.045385,1
42,0.01,1000,64,0.01,0.5,-1215.104334,2
42,0.01,1000,64,0.01,0.5,-1469.143856,3
42,0.01,1000,64,0.01,0.5,-1442.482234,4
42,0.01,1000,64,0.01,0.5,-1496.677744,5
42,0.01,1000,64,0.01,0.5,-1300.664105,6
42,0.01,1000,64,0.01,0.5,-1499.118857,7
42,0.01,1000,64,0.01,0.5,-1628.664503,8
42,0.01,1000,64,0.01,0.5,-1639.563944,9
42,0.01,1000,64,0.01,0.5,-1682.510731,10
42,0.01,1000,64,0.01,0.5,-1688.186846,11
42,0.01,1000,64,0.01,0.5,-1417.997979,12
42,0.01,1000,64,0.01,0.5,-1101.812644,13
42,0.01,1000,64,0.01,0.5,-1675.740826,14
42,0.01,1000,64,0.01,0.5,-1634.734938,15
42,0.01,1000,64,0.01,0.5,-1089.027378,16
42,0.01,1000,64,0.01,0.5,-1568.280213,17
42,0.01,1000,64,0.01,0.5,-1636.654376,18
42,0.01,1000,64,0.01,0.5,-1613.105199,19
42,0.01,1000,64,0.01,0.5,-1636.713856,20
43,0.01,1000,64,0.01,0.99,-1603.078295,1
43,0.01,1000,64,0.01,0.99,-1278.408145,2
43,0.01,1000,64,0.01,0.99,-1631.502405,3
43,0.01,1000,64,0.01,0.99,-949.26037,4
43,0.01,1000,64,0.01,0.99,-1592.656726,5
43,0.01,1000,64,0.01,0.99,-1632.883059,6
43,0.01,1000,64,0.01,0.99,-1375.557004,7
43,0.01,1000,64,0.01,0.99,-1066.402688,8
43,0.01,1000,64,0.01,0.99,-949.572616,9
43,0.01,1000,64,0.01,0.99,-1419.753453,10
43,0.01,1000,64,0.01,0.99,-1639.246159,11
43,0.01,1000,64,0.01,0.99,-1596.356138,12
43,0.01,1000,64,0.01,0.99,-790.584256,13
43,0.01,1000,64,0.01,0.99,-1194.776625,14
43,0.01,1000,64,0.01,0.99,-1346.92365,15
43,0.01,1000,64,0.01,0.99,-1671.062426,16
43,0.01,1000,64,0.01,0.99,-1180.053066,17
43,0.01,1000,64,0.01,0.99,-1627.781896,18
43,0.01,1000,64,0.01,0.99,-1096.99287,19
43,0.01,1000,64,0.01,0.99,-1521.421329,20
44,0.01,1000,128,0.001,0.5,-1640.631538,1
44,0.01,1000,128,0.001,0.5,-1625.934936,2
44,0.01,1000,128,0.001,0.5,-1521.893,3
44,0.01,1000,128,0.001,0.5,-1496.16346,4
44,0.01,1000,128,0.001,0.5,-1677.03185,5
44,0.01,1000,128,0.001,0.5,-1601.167779,6
44,0.01,1000,128,0.001,0.5,-1629.317954,7
44,0.01,1000,128,0.001,0.5,-1121.114376,8
44,0.01,1000,128,0.001,0.5,-1628.144549,9
44,0.01,1000,128,0.001,0.5,-1055.412039,10
44,0.01,1000,128,0.001,0.5,-939.737135,11
44,0.01,1000,128,0.001,0.5,-1655.750325,12
44,0.01,1000,128,0.001,0.5,-1522.031887,13
44,0.01,1000,128,0.001,0.5,-1580.102351,14
44,0.01,1000,128,0.001,0.5,-1494.203115,15
44,0.01,1000,128,0.001,0.5,-1665.650435,16
44,0.01,1000,128,0.001,0.5,-1447.964544,17
44,0.01,1000,128,0.001,0.5,-1611.531,18
44,0.01,1000,128,0.001,0.5,-1597.863347,19
44,0.01,1000,128,0.001,0.5,-1425.706653,20
45,0.01,1000,128,0.001,0.99,-1099.362893,1
45,0.01,1000,128,0.001,0.99,-1665.987071,2
45,0.01,1000,128,0.001,0.99,-1496.425916,3
45,0.01,1000,128,0.001,0.99,-1338.991451,4
45,0.01,1000,128,0.001,0.99,-1683.300521,5
45,0.01,1000,128,0.001,0.99,-1507.522007,6
45,0.01,1000,128,0.001,0.99,-1452.347715,7
45,0.01,1000,128,0.001,0.99,-1494.885795,8
45,0.01,1000,128,0.001,0.99,-1498.434396,9
45,0.01,1000,128,0.001,0.99,-1047.144045,10
45,0.01,1000,128,0.001,0.99,-908.33667,11
45,0.01,1000,128,0.001,0.99,-1667.822784,12
45,0.01,1000,128,0.001,0.99,-1637.528679,13
45,0.01,1000,128,0.001,0.99,-1283.976789,14
45,0.01,1000,128,0.001,0.99,-1598.491745,15
45,0.01,1000,128,0.001,0.99,-1657.767755,16
45,0.01,1000,128,0.001,0.99,-1182.699518,17
45,0.01,1000,128,0.001,0.99,-1491.549011,18
45,0.01,1000,128,0.001,0.99,-1182.976215,19
45,0.01,1000,128,0.001,0.99,-1517.725333,20
46,0.01,1000,128,0.01,0.5,-1200.460567,1
46,0.01,1000,128,0.01,0.5,-1650.612509,2
46,0.01,1000,128,0.01,0.5,-1498.720029,3
46,0.01,1000,128,0.01,0.5,-962.02048,4
46,0.01,1000,128,0.01,0.5,-1346.879183,5
46,0.01,1000,128,0.01,0.5,-1638.005781,6
46,0.01,1000,128,0.01,0.5,-1610.687061,7
46,0.01,1000,128,0.01,0.5,-1496.31922,8
46,0.01,1000,128,0.01,0.5,-1128.073726,9
46,0.01,1000,128,0.01,0.5,-1499.329247,10
46,0.01,1000,128,0.01,0.5,-1286.306715,11
46,0.01,1000,128,0.01,0.5,-1455.895715,12
46,0.01,1000,128,0.01,0.5,-1654.824136,13
46,0.01,1000,128,0.01,0.5,-1619.761365,14
46,0.01,1000,128,0.01,0.5,-1289.516101,15
46,0.01,1000,128,0.01,0.5,-954.811097,16
46,0.01,1000,128,0.01,0.5,-1580.38494,17
46,0.01,1000,128,0.01,0.5,-1236.233433,18
46,0.01,1000,128,0.01,0.5,-1682.453737,19
46,0.01,1000,128,0.01,0.5,-1692.096116,20
47,0.01,1000,128,0.01,0.99,-1042.322369,1
47,0.01,1000,128,0.01,0.99,-1060.008202,2
47,0.01,1000,128,0.01,0.99,-1043.320049,3
47,0.01,1000,128,0.01,0.99,-1364.082684,4
47,0.01,1000,128,0.01,0.99,-1042.418478,5
47,0.01,1000,128,0.01,0.99,-1514.438098,6
47,0.01,1000,128,0.01,0.99,-1042.141163,7
47,0.01,1000,128,0.01,0.99,-1503.664863,8
47,0.01,1000,128,0.01,0.99,-1512.158554,9
47,0.01,1000,128,0.01,0.99,-122.761754,10
47,0.01,1000,128,0.01,0.99,-120.903856,11
47,0.01,1000,128,0.01,0.99,-1043.59446,12
47,0.01,1000,128,0.01,0.99,-1420.604629,13
47,0.01,1000,128,0.01,0.99,-945.589648,14
47,0.01,1000,128,0.01,0.99,-1043.633307,15
47,0.01,1000,128,0.01,0.99,-1042.915294,16
47,0.01,1000,128,0.01,0.99,-1416.920752,17
47,0.01,1000,128,0.01,0.99,-120.24365,18
47,0.01,1000,128,0.01,0.99,-1497.567418,19
47,0.01,1000,128,0.01,0.99,-119.943181,20
48,0.01,10000,32,0.001,0.5,-1679.483384,1
48,0.01,10000,32,0.001,0.5,-1490.871775,2
48,0.01,10000,32,0.001,0.5,-1451.131677,3
48,0.01,10000,32,0.001,0.5,-946.543622,4
48,0.01,10000,32,0.001,0.5,-1504.400924,5
48,0.01,10000,32,0.001,0.5,-1573.732704,6
48,0.01,10000,32,0.001,0.5,-1632.516134,7
48,0.01,10000,32,0.001,0.5,-1491.093846,8
48,0.01,10000,32,0.001,0.5,-1337.469058,9
48,0.01,10000,32,0.001,0.5,-1650.925474,10
48,0.01,10000,32,0.001,0.5,-1494.659218,11
48,0.01,10000,32,0.001,0.5,-1383.10363,12
48,0.01,10000,32,0.001,0.5,-1430.079491,13
48,0.01,10000,32,0.001,0.5,-1241.399812,14
48,0.01,10000,32,0.001,0.5,-1119.013268,15
48,0.01,10000,32,0.001,0.5,-1496.805517,16
48,0.01,10000,32,0.001,0.5,-1659.810999,17
48,0.01,10000,32,0.001,0.5,-1374.82037,18
48,0.01,10000,32,0.001,0.5,-988.534876,19
48,0.01,10000,32,0.001,0.5,-1494.698952,20
49,0.01,10000,32,0.001,0.99,-1494.321271,1
49,0.01,10000,32,0.001,0.99,-1418.590724,2
49,0.01,10000,32,0.001,0.99,-1115.830632,3
49,0.01,10000,32,0.001,0.99,-1677.994998,4
49,0.01,10000,32,0.001,0.99,-1482.78214,5
49,0.01,10000,32,0.001,0.99,-1527.07044,6
49,0.01,10000,32,0.001,0.99,-1499.49989,7
49,0.01,10000,32,0.001,0.99,-1360.824278,8
49,0.01,10000,32,0.001,0.99,-1299.545033,9
49,0.01,10000,32,0.001,0.99,-1621.490288,10
49,0.01,10000,32,0.001,0.99,-1613.512118,11
49,0.01,10000,32,0.001,0.99,-1426.802462,12
49,0.01,10000,32,0.001,0.99,-1638.60933,13
49,0.01,10000,32,0.001,0.99,-1635.040713,14
49,0.01,10000,32,0.001,0.99,-1057.460295,15
49,0.01,10000,32,0.001,0.99,-1506.876867,16
49,0.01,10000,32,0.001,0.99,-1632.859806,17
49,0.01,10000,32,0.001,0.99,-1345.309489,18
49,0.01,10000,32,0.001,0.99,-1053.401058,19
49,0.01,10000,32,0.001,0.99,-1416.188705,20
50,0.01,10000,32,0.01,0.5,-1653.871171,1
50,0.01,10000,32,0.01,0.5,-1596.043151,2
50,0.01,10000,32,0.01,0.5,-1336.479523,3
50,0.01,10000,32,0.01,0.5,-1271.956985,4
50,0.01,10000,32,0.01,0.5,-1567.669119,5
50,0.01,10000,32,0.01,0.5,-1624.552552,6
50,0.01,10000,32,0.01,0.5,-1497.248727,7
50,0.01,10000,32,0.01,0.5,-1490.544891,8
50,0.01,10000,32,0.01,0.5,-1282.275594,9
50,0.01,10000,32,0.01,0.5,-1500.525911,10
50,0.01,10000,32,0.01,0.5,-1594.537516,11
50,0.01,10000,32,0.01,0.5,-1272.352023,12
50,0.01,10000,32,0.01,0.5,-1668.255568,13
50,0.01,10000,32,0.01,0.5,-1629.367467,14
50,0.01,10000,32,0.01,0.5,-1627.197686,15
50,0.01,10000,32,0.01,0.5,-1244.253512,16
50,0.01,10000,32,0.01,0.5,-1453.81262,17
50,0.01,10000,32,0.01,0.5,-1215.140022,18
50,0.01,10000,32,0.01,0.5,-1498.22072,19
50,0.01,10000,32,0.01,0.5,-1608.670837,20
51,0.01,10000,32,0.01,0.99,-1499.55439,1
51,0.01,10000,32,0.01,0.99,-839.580678,2
51,0.01,10000,32,0.01,0.99,-1074.692219,3
51,0.01,10000,32,0.01,0.99,-1280.860767,4
51,0.01,10000,32,0.01,0.99,-1673.066771,5
51,0.01,10000,32,0.01,0.99,-1656.481391,6
51,0.01,10000,32,0.01,0.99,-1498.573513,7
51,0.01,10000,32,0.01,0.99,-1069.130372,8
51,0.01,10000,32,0.01,0.99,-1390.964687,9
51,0.01,10000,32,0.01,0.99,-1499.335951,10
51,0.01,10000,32,0.01,0.99,-1189.809617,11
51,0.01,10000,32,0.01,0.99,-1162.90076,12
51,0.01,10000,32,0.01,0.99,-1405.184335,13
51,0.01,10000,32,0.01,0.99,-1379.977884,14
51,0.01,10000,32,0.01,0.99,-1298.031439,15
51,0.01,10000,32,0.01,0.99,-1618.067265,16
51,0.01,10000,32,0.01,0.99,-1683.649169,17
51,0.01,10000,32,0.01,0.99,-1496.072021,18
51,0.01,10000,32,0.01,0.99,-1222.170248,19
51,0.01,10000,32,0.01,0.99,-1056.599908,20
52,0.01,10000,64,0.001,0.5,-1658.176311,1
52,0.01,10000,64,0.001,0.5,-1159.119715,2
52,0.01,10000,64,0.001,0.5,-1651.822898,3
52,0.01,10000,64,0.001,0.5,-1301.14251,4
52,0.01,10000,64,0.001,0.5,-1661.520177,5
52,0.01,10000,64,0.001,0.5,-1406.288264,6
52,0.01,10000,64,0.001,0.5,-1026.683297,7
52,0.01,10000,64,0.001,0.5,-1617.336332,8
52,0.01,10000,64,0.001,0.5,-1685.265172,9
52,0.01,10000,64,0.001,0.5,-1679.970744,10
52,0.01,10000,64,0.001,0.5,-1623.987891,11
52,0.01,10000,64,0.001,0.5,-1310.2599,12
52,0.01,10000,64,0.001,0.5,-1605.772624,13
52,0.01,10000,64,0.001,0.5,-1514.569797,14
52,0.01,10000,64,0.001,0.5,-1496.133404,15
52,0.01,10000,64,0.001,0.5,-1588.965054,16
52,0.01,10000,64,0.001,0.5,-1605.859887,17
52,0.01,10000,64,0.001,0.5,-1070.868978,18
52,0.01,10000,64,0.001,0.5,-1681.194574,19
52,0.01,10000,64,0.001,0.5,-1300.30431,20
53,0.01,10000,64,0.001,0.99,-405.397245,1
53,0.01,10000,64,0.001,0.99,-273.540283,2
53,0.01,10000,64,0.001,0.99,-1495.287757,3
53,0.01,10000,64,0.001,0.99,-408.188149,4
53,0.01,10000,64,0.001,0.99,-1491.695442,5
53,0.01,10000,64,0.001,0.99,-278.551885,6
53,0.01,10000,64,0.001,0.99,-316.797261,7
53,0.01,10000,64,0.001,0.99,-137.749292,8
53,0.01,10000,64,0.001,0.99,-137.56576,9
53,0.01,10000,64,0.001,0.99,-268.550986,10
53,0.01,10000,64,0.001,0.99,-272.546776,11
53,0.01,10000,64,0.001,0.99,-276.568193,12
53,0.01,10000,64,0.001,0.99,-413.226446,13
53,0.01,10000,64,0.001,0.99,-368.459508,14
53,0.01,10000,64,0.001,0.99,-283.346631,15
53,0.01,10000,64,0.001,0.99,-271.193161,16
53,0.01,10000,64,0.001,0.99,-411.932793,17
53,0.01,10000,64,0.001,0.99,-271.398555,18
53,0.01,10000,64,0.001,0.99,-1496.972598,19
53,0.01,10000,64,0.001,0.99,-134.450509,20
54,0.01,10000,64,0.01,0.5,-1240.16109,1
54,0.01,10000,64,0.01,0.5,-1505.620551,2
54,0.01,10000,64,0.01,0.5,-1424.188444,3
54,0.01,10000,64,0.01,0.5,-1617.095959,4
54,0.01,10000,64,0.01,0.5,-1437.060604,5
54,0.01,10000,64,0.01,0.5,-1187.742266,6
54,0.01,10000,64,0.01,0.5,-1676.334344,7
54,0.01,10000,64,0.01,0.5,-1496.165638,8
54,0.01,10000,64,0.01,0.5,-1493.114507,9
54,0.01,10000,64,0.01,0.5,-1677.501903,10
54,0.01,10000,64,0.01,0.5,-1100.092327,11
54,0.01,10000,64,0.01,0.5,-1490.946928,12
54,0.01,10000,64,0.01,0.5,-1657.829305,13
54,0.01,10000,64,0.01,0.5,-1292.916207,14
54,0.01,10000,64,0.01,0.5,-1364.625948,15
54,0.01,10000,64,0.01,0.5,-1378.816348,16
54,0.01,10000,64,0.01,0.5,-1360.008022,17
54,0.01,10000,64,0.01,0.5,-1650.477499,18
54,0.01,10000,64,0.01,0.5,-1651.653594,19
54,0.01,10000,64,0.01,0.5,-1376.650896,20
55,0.01,10000,64,0.01,0.99,-882.460681,1
55,0.01,10000,64,0.01,0.99,-1651.720565,2
55,0.01,10000,64,0.01,0.99,-1676.381049,3
55,0.01,10000,64,0.01,0.99,-1070.911842,4
55,0.01,10000,64,0.01,0.99,-1615.190275,5
55,0.01,10000,64,0.01,0.99,-1621.916632,6
55,0.01,10000,64,0.01,0.99,-1614.785692,7
55,0.01,10000,64,0.01,0.99,-1292.587696,8
55,0.01,10000,64,0.01,0.99,-1677.697173,9
55,0.01,10000,64,0.01,0.99,-1646.449024,10
55,0.01,10000,64,0.01,0.99,-1655.857846,11
55,0.01,10000,64,0.01,0.99,-1371.278848,12
55,0.01,10000,64,0.01,0.99,-1170.08408,13
55,0.01,10000,64,0.01,0.99,-1424.52852,14
55,0.01,10000,64,0.01,0.99,-1383.999569,15
55,0.01,10000,64,0.01,0.99,-1193.226204,16
55,0.01,10000,64,0.01,0.99,-1598.828416,17
55,0.01,10000,64,0.01,0.99,-1301.17813,18
55,0.01,10000,64,0.01,0.99,-1314.6219,19
55,0.01,10000,64,0.01,0.99,-1488.511127,20
56,0.01,10000,128,0.001,0.5,-1265.567729,1
56,0.01,10000,128,0.001,0.5,-1494.856733,2
56,0.01,10000,128,0.001,0.5,-1629.960337,3
56,0.01,10000,128,0.001,0.5,-1630.375036,4
56,0.01,10000,128,0.001,0.5,-1021.199622,5
56,0.01,10000,128,0.001,0.5,-1474.672197,6
56,0.01,10000,128,0.001,0.5,-1466.11067,7
56,0.01,10000,128,0.001,0.5,-1328.036454,8
56,0.01,10000,128,0.001,0.5,-1380.631718,9
56,0.01,10000,128,0.001,0.5,-1489.193404,10
56,0.01,10000,128,0.001,0.5,-1632.460513,11
56,0.01,10000,128,0.001,0.5,-1391.364216,12
56,0.01,10000,128,0.001,0.5,-1228.473914,13
56,0.01,10000,128,0.001,0.5,-1273.238302,14
56,0.01,10000,128,0.001,0.5,-1680.10311,15
56,0.01,10000,128,0.001,0.5,-1388.172287,16
56,0.01,10000,128,0.001,0.5,-1594.553089,17
56,0.01,10000,128,0.001,0.5,-1370.468003,18
56,0.01,10000,128,0.001,0.5,-1581.639034,19
56,0.01,10000,128,0.001,0.5,-1497.108819,20
57,0.01,10000,128,0.001,0.99,-1385.772713,1
57,0.01,10000,128,0.001,0.99,-1649.882592,2
57,0.01,10000,128,0.001,0.99,-1466.78433,3
57,0.01,10000,128,0.001,0.99,-1592.534396,4
57,0.01,10000,128,0.001,0.99,-1261.583878,5
57,0.01,10000,128,0.001,0.99,-1399.350629,6
57,0.01,10000,128,0.001,0.99,-1159.7981,7
57,0.01,10000,128,0.001,0.99,-1413.796104,8
57,0.01,10000,128,0.001,0.99,-1262.716762,9
57,0.01,10000,128,0.001,0.99,-1672.366531,10
57,0.01,10000,128,0.001,0.99,-732.368119,11
57,0.01,10000,128,0.001,0.99,-1415.792914,12
57,0.01,10000,128,0.001,0.99,-1510.047288,13
57,0.01,10000,128,0.001,0.99,-1502.614408,14
57,0.01,10000,128,0.001,0.99,-968.459511,15
57,0.01,10000,128,0.001,0.99,-1090.080086,16
57,0.01,10000,128,0.001,0.99,-1405.400572,17
57,0.01,10000,128,0.001,0.99,-1491.055064,18
57,0.01,10000,128,0.001,0.99,-1638.69015,19
57,0.01,10000,128,0.001,0.99,-1657.413981,20
58,0.01,10000,128,0.01,0.5,-1049.257547,1
58,0.01,10000,128,0.01,0.5,-1604.751835,2
58,0.01,10000,128,0.01,0.5,-1460.090913,3
58,0.01,10000,128,0.01,0.5,-1290.03983,4
58,0.01,10000,128,0.01,0.5,-1339.739,5
58,0.01,10000,128,0.01,0.5,-1610.47055,6
58,0.01,10000,128,0.01,0.5,-1495.356744,7
58,0.01,10000,128,0.01,0.5,-1073.01331,8
58,0.01,10000,128,0.01,0.5,-1603.68938,9
58,0.01,10000,128,0.01,0.5,-745.604652,10
58,0.01,10000,128,0.01,0.5,-1606.818867,11
58,0.01,10000,128,0.01,0.5,-1294.164979,12
58,0.01,10000,128,0.01,0.5,-1299.757643,13
58,0.01,10000,128,0.01,0.5,-1183.972737,14
58,0.01,10000,128,0.01,0.5,-1648.905871,15
58,0.01,10000,128,0.01,0.5,-1670.876427,16
58,0.01,10000,128,0.01,0.5,-1492.976612,17
58,0.01,10000,128,0.01,0.5,-1685.69158,18
58,0.01,10000,128,0.01,0.5,-1586.949328,19
58,0.01,10000,128,0.01,0.5,-1141.632058,20
59,0.01,10000,128,0.01,0.99,-1199.645479,1
59,0.01,10000,128,0.01,0.99,-1663.835551,2
59,0.01,10000,128,0.01,0.99,-1187.315544,3
59,0.01,10000,128,0.01,0.99,-1481.662072,4
59,0.01,10000,128,0.01,0.99,-1083.65552,5
59,0.01,10000,128,0.01,0.99,-1110.917236,6
59,0.01,10000,128,0.01,0.99,-1384.183126,7
59,0.01,10000,128,0.01,0.99,-1659.316533,8
59,0.01,10000,128,0.01,0.99,-1497.095948,9
59,0.01,10000,128,0.01,0.99,-1508.662736,10
59,0.01,10000,128,0.01,0.99,-1493.786317,11
59,0.01,10000,128,0.01,0.99,-1190.344024,12
59,0.01,10000,128,0.01,0.99,-1674.023528,13
59,0.01,10000,128,0.01,0.99,-990.530257,14
59,0.01,10000,128,0.01,0.99,-1233.545933,15
59,0.01,10000,128,0.01,0.99,-1640.429157,16
59,0.01,10000,128,0.01,0.99,-1679.862296,17
59,0.01,10000,128,0.01,0.99,-1642.039494,18
59,0.01,10000,128,0.01,0.99,-718.9965,19
59,0.01,10000,128,0.01,0.99,-1647.52632,20
60,0.01,100000,32,0.001,0.5,-1493.305752,1
60,0.01,100000,32,0.001,0.5,-1039.709918,2
60,0.01,100000,32,0.001,0.5,-1208.534092,3
60,0.01,100000,32,0.001,0.5,-1652.993621,4
60,0.01,100000,32,0.001,0.5,-1677.833528,5
60,0.01,100000,32,0.001,0.5,-1686.511244,6
60,0.01,100000,32,0.001,0.5,-1519.116788,7
60,0.01,100000,32,0.001,0.5,-1645.016185,8
60,0.01,100000,32,0.001,0.5,-1328.877785,9
60,0.01,100000,32,0.001,0.5,-1503.422455,10
60,0.01,100000,32,0.001,0.5,-1654.885791,11
60,0.01,100000,32,0.001,0.5,-1570.84725,12
60,0.01,100000,32,0.001,0.5,-1497.58674,13
60,0.01,100000,32,0.001,0.5,-1378.44397,14
60,0.01,100000,32,0.001,0.5,-1677.848034,15
60,0.01,100000,32,0.001,0.5,-948.957865,16
60,0.01,100000,32,0.001,0.5,-1452.285168,17
60,0.01,100000,32,0.001,0.5,-1678.642792,18
60,0.01,100000,32,0.001,0.5,-1284.698302,19
60,0.01,100000,32,0.001,0.5,-992.00499,20
61,0.01,100000,32,0.001,0.99,-1662.719481,1
61,0.01,100000,32,0.001,0.99,-1490.924972,2
61,0.01,100000,32,0.001,0.99,-1493.444565,3
61,0.01,100000,32,0.001,0.99,-1265.66588,4
61,0.01,100000,32,0.001,0.99,-1580.428661,5
61,0.01,100000,32,0.001,0.99,-1500.941711,6
61,0.01,100000,32,0.001,0.99,-1674.168964,7
61,0.01,100000,32,0.001,0.99,-1381.314819,8
61,0.01,100000,32,0.001,0.99,-1593.345993,9
61,0.01,100000,32,0.001,0.99,-1596.157634,10
61,0.01,100000,32,0.001,0.99,-1176.513155,11
61,0.01,100000,32,0.001,0.99,-1653.978752,12
61,0.01,100000,32,0.001,0.99,-1498.382933,13
61,0.01,100000,32,0.001,0.99,-1502.330396,14
61,0.01,100000,32,0.001,0.99,-1655.257702,15
61,0.01,100000,32,0.001,0.99,-1592.750093,16
61,0.01,100000,32,0.001,0.99,-1065.290916,17
61,0.01,100000,32,0.001,0.99,-1133.841064,18
61,0.01,100000,32,0.001,0.99,-951.779551,19
61,0.01,100000,32,0.001,0.99,-1463.579057,20
62,0.01,100000,32,0.01,0.5,-1429.107281,1
62,0.01,100000,32,0.01,0.5,-1425.416627,2
62,0.01,100000,32,0.01,0.5,-1314.565105,3
62,0.01,100000,32,0.01,0.5,-1495.924345,4
62,0.01,100000,32,0.01,0.5,-1494.330859,5
62,0.01,100000,32,0.01,0.5,-1418.385398,6
62,0.01,100000,32,0.01,0.5,-1388.476643,7
62,0.01,100000,32,0.01,0.5,-1504.763919,8
62,0.01,100000,32,0.01,0.5,-1506.014022,9
62,0.01,100000,32,0.01,0.5,-1461.807827,10
62,0.01,100000,32,0.01,0.5,-1504.842169,11
62,0.01,100000,32,0.01,0.5,-1386.021828,12
62,0.01,100000,32,0.01,0.5,-1496.270852,13
62,0.01,100000,32,0.01,0.5,-1426.958019,14
62,0.01,100000,32,0.01,0.5,-1483.921413,15
62,0.01,100000,32,0.01,0.5,-1450.831279,16
62,0.01,100000,32,0.01,0.5,-11.798852,17
62,0.01,100000,32,0.01,0.5,-11.94605,18
62,0.01,100000,32,0.01,0.5,-1426.347464,19
62,0.01,100000,32,0.01,0.5,-1511.351019,20
63,0.01,100000,32,0.01,0.99,-1604.786875,1
63,0.01,100000,32,0.01,0.99,-1598.723087,2
63,0.01,100000,32,0.01,0.99,-1519.106903,3
63,0.01,100000,32,0.01,0.99,-1214.737894,4
63,0.01,100000,32,0.01,0.99,-1670.69547,5
63,0.01,100000,32,0.01,0.99,-1495.902334,6
63,0.01,100000,32,0.01,0.99,-1678.690515,7
63,0.01,100000,32,0.01,0.99,-1321.185937,8
63,0.01,100000,32,0.01,0.99,-1619.090834,9
63,0.01,100000,32,0.01,0.99,-984.503255,10
63,0.01,100000,32,0.01,0.99,-1205.047366,11
63,0.01,100000,32,0.01,0.99,-1163.583033,12
63,0.01,100000,32,0.01,0.99,-1502.300627,13
63,0.01,100000,32,0.01,0.99,-1327.128511,14
63,0.01,100000,32,0.01,0.99,-1507.679008,15
63,0.01,100000,32,0.01,0.99,-1674.428768,16
63,0.01,100000,32,0.01,0.99,-1383.630379,17
63,0.01,100000,32,0.01,0.99,-1497.365358,18
63,0.01,100000,32,0.01,0.99,-1597.15874,19
63,0.01,100000,32,0.01,0.99,-1500.899764,20
64,0.01,100000,64,0.001,0.5,-948.297273,1
64,0.01,100000,64,0.001,0.5,-1500.420413,2
64,0.01,100000,64,0.001,0.5,-1582.891953,3
64,0.01,100000,64,0.001,0.5,-1063.439149,4
64,0.01,100000,64,0.001,0.5,-1618.069397,5
64,0.01,100000,64,0.001,0.5,-1659.827474,6
64,0.01,100000,64,0.001,0.5,-1108.465444,7
64,0.01,100000,64,0.001,0.5,-1649.457503,8
64,0.01,100000,64,0.001,0.5,-1495.425344,9
64,0.01,100000,64,0.001,0.5,-939.120705,10
64,0.01,100000,64,0.001,0.5,-1493.143123,11
64,0.01,100000,64,0.001,0.5,-1628.086435,12
64,0.01,100000,64,0.001,0.5,-1636.751826,13
64,0.01,100000,64,0.001,0.5,-1282.034054,14
64,0.01,100000,64,0.001,0.5,-1504.549531,15
64,0.01,100000,64,0.001,0.5,-1630.838714,16
64,0.01,100000,64,0.001,0.5,-1087.297989,17
64,0.01,100000,64,0.001,0.5,-1199.068281,18
64,0.01,100000,64,0.001,0.5,-1622.643029,19
64,0.01,100000,64,0.001,0.5,-1344.398316,20
65,0.01,100000,64,0.001,0.99,-1040.054176,1
65,0.01,100000,64,0.001,0.99,-1647.005273,2
65,0.01,100000,64,0.001,0.99,-948.75019,3
65,0.01,100000,64,0.001,0.99,-1555.703713,4
65,0.01,100000,64,0.001,0.99,-1494.626245,5
65,0.01,100000,64,0.001,0.99,-1475.916212,6
65,0.01,100000,64,0.001,0.99,-1480.533153,7
65,0.01,100000,64,0.001,0.99,-1597.359223,8
65,0.01,100000,64,0.001,0.99,-1622.000681,9
65,0.01,100000,64,0.001,0.99,-1634.557378,10
65,0.01,100000,64,0.001,0.99,-1523.43988,11
65,0.01,100000,64,0.001,0.99,-1680.709334,12
65,0.01,100000,64,0.001,0.99,-1181.353916,13
65,0.01,100000,64,0.001,0.99,-854.60367,14
65,0.01,100000,64,0.001,0.99,-950.111741,15
65,0.01,100000,64,0.001,0.99,-1653.402538,16
65,0.01,100000,64,0.001,0.99,-1349.391996,17
65,0.01,100000,64,0.001,0.99,-1513.582378,18
65,0.01,100000,64,0.001,0.99,-1660.528893,19
65,0.01,100000,64,0.001,0.99,-1652.045008,20
66,0.01,100000,64,0.01,0.5,-1276.83676,1
66,0.01,100000,64,0.01,0.5,-1652.698265,2
66,0.01,100000,64,0.01,0.5,-1503.9925,3
66,0.01,100000,64,0.01,0.5,-1675.160704,4
66,0.01,100000,64,0.01,0.5,-1574.876842,5
66,0.01,100000,64,0.01,0.5,-935.034099,6
66,0.01,100000,64,0.01,0.5,-1677.314085,7
66,0.01,100000,64,0.01,0.5,-1372.317043,8
66,0.01,100000,64,0.01,0.5,-1614.132601,9
66,0.01,100000,64,0.01,0.5,-1594.209968,10
66,0.01,100000,64,0.01,0.5,-1188.491318,11
66,0.01,100000,64,0.01,0.5,-1687.468821,12
66,0.01,100000,64,0.01,0.5,-1187.178533,13
66,0.01,100000,64,0.01,0.5,-1616.477461,14
66,0.01,100000,64,0.01,0.5,-1188.4642,15
66,0.01,100000,64,0.01,0.5,-1494.58984,16
66,0.01,100000,64,0.01,0.5,-1479.601235,17
66,0.01,100000,64,0.01,0.5,-1179.251299,18
66,0.01,100000,64,0.01,0.5,-1600.986808,19
66,0.01,100000,64,0.01,0.5,-1689.769007,20
67,0.01,100000,64,0.01,0.99,-1083.159648,1
67,0.01,100000,64,0.01,0.99,-1493.71198,2
67,0.01,100000,64,0.01,0.99,-1578.502242,3
67,0.01,100000,64,0.01,0.99,-1383.521068,4
67,0.01,100000,64,0.01,0.99,-1653.948237,5
67,0.01,100000,64,0.01,0.99,-774.545801,6
67,0.01,100000,64,0.01,0.99,-833.633186,7
67,0.01,100000,64,0.01,0.99,-1685.491401,8
67,0.01,100000,64,0.01,0.99,-780.423212,9
67,0.01,100000,64,0.01,0.99,-1673.960385,10
67,0.01,100000,64,0.01,0.99,-1405.635969,11
67,0.01,100000,64,0.01,0.99,-1239.343499,12
67,0.01,100000,64,0.01,0.99,-1683.666229,13
67,0.01,100000,64,0.01,0.99,-1511.851745,14
67,0.01,100000,64,0.01,0.99,-1649.493887,15
67,0.01,100000,64,0.01,0.99,-1493.377231,16
67,0.01,100000,64,0.01,0.99,-1331.956081,17
67,0.01,100000,64,0.01,0.99,-1684.071632,18
67,0.01,100000,64,0.01,0.99,-1276.661476,19
67,0.01,100000,64,0.01,0.99,-1686.157855,20
68,0.01,100000,128,0.001,0.5,-1605.017952,1
68,0.01,100000,128,0.001,0.5,-1658.356111,2
68,0.01,100000,128,0.001,0.5,-1496.739687,3
68,0.01,100000,128,0.001,0.5,-1668.289959,4
68,0.01,100000,128,0.001,0.5,-1661.401831,5
68,0.01,100000,128,0.001,0.5,-1478.225497,6
68,0.01,100000,128,0.001,0.5,-1551.911737,7
68,0.01,100000,128,0.001,0.5,-1690.595692,8
68,0.01,100000,128,0.001,0.5,-1684.480275,9
68,0.01,100000,128,0.001,0.5,-1614.246812,10
68,0.01,100000,128,0.001,0.5,-1627.143767,11
68,0.01,100000,128,0.001,0.5,-1680.368984,12
68,0.01,100000,128,0.001,0.5,-1511.001334,13
68,0.01,100000,128,0.001,0.5,-1587.35963,14
68,0.01,100000,128,0.001,0.5,-1378.23591,15
68,0.01,100000,128,0.001,0.5,-1677.332093,16
68,0.01,100000,128,0.001,0.5,-1492.61562,17
68,0.01,100000,128,0.001,0.5,-1441.025802,18
68,0.01,100000,128,0.001,0.5,-1545.750885,19
68,0.01,100000,128,0.001,0.5,-1663.879273,20
69,0.01,100000,128,0.001,0.99,-1493.029556,1
69,0.01,100000,128,0.001,0.99,-1497.243461,2
69,0.01,100000,128,0.001,0.99,-1688.919968,3
69,0.01,100000,128,0.001,0.99,-1216.393399,4
69,0.01,100000,128,0.001,0.99,-1320.279758,5
69,0.01,100000,128,0.001,0.99,-1608.532767,6
69,0.01,100000,128,0.001,0.99,-1643.800113,7
69,0.01,100000,128,0.001,0.99,-1669.262149,8
69,0.01,100000,128,0.001,0.99,-1169.371999,9
69,0.01,100000,128,0.001,0.99,-1653.456692,10
69,0.01,100000,128,0.001,0.99,-1519.295913,11
69,0.01,100000,128,0.001,0.99,-1653.292972,12
69,0.01,100000,128,0.001,0.99,-1575.263233,13
69,0.01,100000,128,0.001,0.99,-1211.104156,14
69,0.01,100000,128,0.001,0.99,-1615.272394,15
69,0.01,100000,128,0.001,0.99,-1387.557761,16
69,0.01,100000,128,0.001,0.99,-1496.067695,17
69,0.01,100000,128,0.001,0.99,-1638.055053,18
69,0.01,100000,128,0.001,0.99,-1640.619926,19
69,0.01,100000,128,0.001,0.99,-750.434177,20
70,0.01,100000,128,0.01,0.5,-1444.660741,1
70,0.01,100000,128,0.01,0.5,-1481.667504,2
70,0.01,100000,128,0.01,0.5,-1662.101168,3
70,0.01,100000,128,0.01,0.5,-1669.791859,4
70,0.01,100000,128,0.01,0.5,-1600.006715,5
70,0.01,100000,128,0.01,0.5,-1262.572903,6
70,0.01,100000,128,0.01,0.5,-1491.819224,7
70,0.01,100000,128,0.01,0.5,-1620.112639,8
70,0.01,100000,128,0.01,0.5,-1652.152076,9
70,0.01,100000,128,0.01,0.5,-1654.753573,10
70,0.01,100000,128,0.01,0.5,-1588.393923,11
70,0.01,100000,128,0.01,0.5,-1549.015736,12
70,0.01,100000,128,0.01,0.5,-1165.443621,13
70,0.01,100000,128,0.01,0.5,-1401.343626,14
70,0.01,100000,128,0.01,0.5,-1245.266286,15
70,0.01,100000,128,0.01,0.5,-1424.690255,16
70,0.01,100000,128,0.01,0.5,-1657.15613,17
70,0.01,100000,128,0.01,0.5,-1643.773791,18
70,0.01,100000,128,0.01,0.5,-1650.825605,19
70,0.01,100000,128,0.01,0.5,-950.707575,20
71,0.01,100000,128,0.01,0.99,-255.750775,1
71,0.01,100000,128,0.01,0.99,-236.563784,2
71,0.01,100000,128,0.01,0.99,-118.989665,3
71,0.01,100000,128,0.01,0.99,-242.850139,4
71,0.01,100000,128,0.01,0.99,-130.862682,5
71,0.01,100000,128,0.01,0.99,-3.844472,6
71,0.01,100000,128,0.01,0.99,-119.371664,7
71,0.01,100000,128,0.01,0.99,-338.249728,8
71,0.01,100000,128,0.01,0.99,-261.018428,9
71,0.01,100000,128,0.01,0.99,-335.620558,10
71,0.01,100000,128,0.01,0.99,-360.016734,11
71,0.01,100000,128,0.01,0.99,-367.010324,12
71,0.01,100000,128,0.01,0.99,-375.305839,13
71,0.01,100000,128,0.01,0.99,-237.010875,14
71,0.01,100000,128,0.01,0.99,-130.103068,15
71,0.01,100000,128,0.01,0.99,-261.613664,16
71,0.01,100000,128,0.01,0.99,-129.3493,17
71,0.01,100000,128,0.01,0.99,-254.859111,18
71,0.01,100000,128,0.01,0.99,-250.733696,19
71,0.01,100000,128,0.01,0.99,-250.743225,20
72,0.1,1000,32,0.001,0.5,-1638.290019,1
72,0.1,1000,32,0.001,0.5,-1631.903753,2
72,0.1,1000,32,0.001,0.5,-1640.855025,3
72,0.1,1000,32,0.001,0.5,-1659.216717,4
72,0.1,1000,32,0.001,0.5,-1497.283935,5
72,0.1,1000,32,0.001,0.5,-1584.642719,6
72,0.1,1000,32,0.001,0.5,-1453.449855,7
72,0.1,1000,32,0.001,0.5,-1520.234728,8
72,0.1,1000,32,0.001,0.5,-1646.046377,9
72,0.1,1000,32,0.001,0.5,-1487.080239,10
72,0.1,1000,32,0.001,0.5,-1678.211063,11
72,0.1,1000,32,0.001,0.5,-1330.407328,12
72,0.1,1000,32,0.001,0.5,-1683.425545,13
72,0.1,1000,32,0.001,0.5,-1232.717024,14
72,0.1,1000,32,0.001,0.5,-1537.163908,15
72,0.1,1000,32,0.001,0.5,-962.463344,16
72,0.1,1000,32,0.001,0.5,-1600.683536,17
72,0.1,1000,32,0.001,0.5,-1653.658532,18
72,0.1,1000,32,0.001,0.5,-1378.715161,19
72,0.1,1000,32,0.001,0.5,-1495.345854,20
73,0.1,1000,32,0.001,0.99,-1388.727132,1
73,0.1,1000,32,0.001,0.99,-1624.593839,2
73,0.1,1000,32,0.001,0.99,-1242.201599,3
73,0.1,1000,32,0.001,0.99,-1574.715949,4
73,0.1,1000,32,0.001,0.99,-1095.310427,5
73,0.1,1000,32,0.001,0.99,-1652.250044,6
73,0.1,1000,32,0.001,0.99,-1626.109669,7
73,0.1,1000,32,0.001,0.99,-1292.488816,8
73,0.1,1000,32,0.001,0.99,-1369.119542,9
73,0.1,1000,32,0.001,0.99,-1494.28806,10
73,0.1,1000,32,0.001,0.99,-1440.690597,11
73,0.1,1000,32,0.001,0.99,-1680.646606,12
73,0.1,1000,32,0.001,0.99,-1649.922142,13
73,0.1,1000,32,0.001,0.99,-1653.982193,14
73,0.1,1000,32,0.001,0.99,-1331.755985,15
73,0.1,1000,32,0.001,0.99,-1665.032871,16
73,0.1,1000,32,0.001,0.99,-1195.050603,17
73,0.1,1000,32,0.001,0.99,-1651.889828,18
73,0.1,1000,32,0.001,0.99,-1210.528216,19
73,0.1,1000,32,0.001,0.99,-832.676455,20
74,0.1,1000,32,0.01,0.5,-940.980294,1
74,0.1,1000,32,0.01,0.5,-1678.601085,2
74,0.1,1000,32,0.01,0.5,-738.432665,3
74,0.1,1000,32,0.01,0.5,-1493.39489,4
74,0.1,1000,32,0.01,0.5,-1644.937554,5
74,0.1,1000,32,0.01,0.5,-1522.682565,6
74,0.1,1000,32,0.01,0.5,-943.615302,7
74,0.1,1000,32,0.01,0.5,-1523.573413,8
74,0.1,1000,32,0.01,0.5,-1487.048805,9
74,0.1,1000,32,0.01,0.5,-1358.675542,10
74,0.1,1000,32,0.01,0.5,-1536.170004,11
74,0.1,1000,32,0.01,0.5,-1255.944628,12
74,0.1,1000,32,0.01,0.5,-1468.981261,13
74,0.1,1000,32,0.01,0.5,-1498.122366,14
74,0.1,1000,32,0.01,0.5,-1576.007854,15
74,0.1,1000,32,0.01,0.5,-1491.971374,16
74,0.1,1000,32,0.01,0.5,-1403.66596,17
74,0.1,1000,32,0.01,0.5,-1512.650432,18
74,0.1,1000,32,0.01,0.5,-1227.75346,19
74,0.1,1000,32,0.01,0.5,-1679.42366,20
75,0.1,1000,32,0.01,0.99,-1491.895006,1
75,0.1,1000,32,0.01,0.99,-1663.618647,2
75,0.1,1000,32,0.01,0.99,-1491.802396,3
75,0.1,1000,32,0.01,0.99,-1672.075245,4
75,0.1,1000,32,0.01,0.99,-1555.872424,5
75,0.1,1000,32,0.01,0.99,-1584.665469,6
75,0.1,1000,32,0.01,0.99,-1068.47506,7
75,0.1,1000,32,0.01,0.99,-961.824742,8
75,0.1,1000,32,0.01,0.99,-1592.757796,9
75,0.1,1000,32,0.01,0.99,-1479.523655,10
75,0.1,1000,32,0.01,0.99,-1198.756831,11
75,0.1,1000,32,0.01,0.99,-1616.733066,12
75,0.1,1000,32,0.01,0.99,-1686.24099,13
75,0.1,1000,32,0.01,0.99,-1299.262678,14
75,0.1,1000,32,0.01,0.99,-938.293072,15
75,0.1,1000,32,0.01,0.99,-1630.674144,16
75,0.1,1000,32,0.01,0.99,-1585.185685,17
75,0.1,1000,32,0.01,0.99,-1625.544368,18
75,0.1,1000,32,0.01,0.99,-1408.989893,19
75,0.1,1000,32,0.01,0.99,-1494.74843,20
76,0.1,1000,64,0.001,0.5,-1613.682441,1
76,0.1,1000,64,0.001,0.5,-1345.74249,2
76,0.1,1000,64,0.001,0.5,-1674.367027,3
76,0.1,1000,64,0.001,0.5,-1684.082186,4
76,0.1,1000,64,0.001,0.5,-1496.458152,5
76,0.1,1000,64,0.001,0.5,-1325.823271,6
76,0.1,1000,64,0.001,0.5,-1338.326517,7
76,0.1,1000,64,0.001,0.5,-1498.584232,8
76,0.1,1000,64,0.001,0.5,-1495.817998,9
76,0.1,1000,64,0.001,0.5,-1333.333299,10
76,0.1,1000,64,0.001,0.5,-1493.912629,11
76,0.1,1000,64,0.001,0.5,-1577.266571,12
76,0.1,1000,64,0.001,0.5,-1256.830148,13
76,0.1,1000,64,0.001,0.5,-1621.018489,14
76,0.1,1000,64,0.001,0.5,-1394.57355,15
76,0.1,1000,64,0.001,0.5,-1606.452306,16
76,0.1,1000,64,0.001,0.5,-1057.446243,17
76,0.1,1000,64,0.001,0.5,-1562.968753,18
76,0.1,1000,64,0.001,0.5,-969.107869,19
76,0.1,1000,64,0.001,0.5,-1092.037465,20
77,0.1,1000,64,0.001,0.99,-1673.177706,1
77,0.1,1000,64,0.001,0.99,-1493.922266,2
77,0.1,1000,64,0.001,0.99,-1352.51792,3
77,0.1,1000,64,0.001,0.99,-1660.740512,4
77,0.1,1000,64,0.001,0.99,-1270.571013,5
77,0.1,1000,64,0.001,0.99,-1293.21914,6
77,0.1,1000,64,0.001,0.99,-980.430764,7
77,0.1,1000,64,0.001,0.99,-1645.967391,8
77,0.1,1000,64,0.001,0.99,-1183.155123,9
77,0.1,1000,64,0.001,0.99,-1660.982736,10
77,0.1,1000,64,0.001,0.99,-1652.615919,11
77,0.1,1000,64,0.001,0.99,-1247.520098,12
77,0.1,1000,64,0.001,0.99,-1195.858683,13
77,0.1,1000,64,0.001,0.99,-1591.814556,14
77,0.1,1000,64,0.001,0.99,-1613.778944,15
77,0.1,1000,64,0.001,0.99,-1602.278647,16
77,0.1,1000,64,0.001,0.99,-1492.427458,17
77,0.1,1000,64,0.001,0.99,-1621.280334,18
77,0.1,1000,64,0.001,0.99,-1508.12674,19
77,0.1,1000,64,0.001,0.99,-1245.787828,20
78,0.1,1000,64,0.01,0.5,-1596.939262,1
78,0.1,1000,64,0.01,0.5,-1272.387482,2
78,0.1,1000,64,0.01,0.5,-1635.584402,3
78,0.1,1000,64,0.01,0.5,-1648.937845,4
78,0.1,1000,64,0.01,0.5,-1626.83274,5
78,0.1,1000,64,0.01,0.5,-1674.217092,6
78,0.1,1000,64,0.01,0.5,-1100.829567,7
78,0.1,1000,64,0.01,0.5,-1224.180295,8
78,0.1,1000,64,0.01,0.5,-1678.474493,9
78,0.1,1000,64,0.01,0.5,-1671.545093,10
78,0.1,1000,64,0.01,0.5,-1048.437821,11
78,0.1,1000,64,0.01,0.5,-1448.886384,12
78,0.1,1000,64,0.01,0.5,-718.841644,13
78,0.1,1000,64,0.01,0.5,-1172.132014,14
78,0.1,1000,64,0.01,0.5,-1640.623372,15
78,0.1,1000,64,0.01,0.5,-1294.707493,16
78,0.1,1000,64,0.01,0.5,-1676.859308,17
78,0.1,1000,64,0.01,0.5,-1506.357143,18
78,0.1,1000,64,0.01,0.5,-1503.146299,19
78,0.1,1000,64,0.01,0.5,-1080.22814,20
79,0.1,1000,64,0.01,0.99,-1670.852893,1
79,0.1,1000,64,0.01,0.99,-1296.070638,2
79,0.1,1000,64,0.01,0.99,-1147.515577,3
79,0.1,1000,64,0.01,0.99,-1669.084095,4
79,0.1,1000,64,0.01,0.99,-953.579353,5
79,0.1,1000,64,0.01,0.99,-1663.589719,6
79,0.1,1000,64,0.01,0.99,-1587.914763,7
79,0.1,1000,64,0.01,0.99,-1655.034995,8
79,0.1,1000,64,0.01,0.99,-1498.091494,9
79,0.1,1000,64,0.01,0.99,-1626.155809,10
79,0.1,1000,64,0.01,0.99,-1496.889711,11
79,0.1,1000,64,0.01,0.99,-1649.827082,12
79,0.1,1000,64,0.01,0.99,-1673.807958,13
79,0.1,1000,64,0.01,0.99,-1182.95854,14
79,0.1,1000,64,0.01,0.99,-1636.811144,15
79,0.1,1000,64,0.01,0.99,-1181.59379,16
79,0.1,1000,64,0.01,0.99,-1349.550601,17
79,0.1,1000,64,0.01,0.99,-1657.916039,18
79,0.1,1000,64,0.01,0.99,-965.310162,19
79,0.1,1000,64,0.01,0.99,-1627.995054,20
80,0.1,1000,128,0.001,0.5,-1686.072468,1
80,0.1,1000,128,0.001,0.5,-1601.497093,2
80,0.1,1000,128,0.001,0.5,-1521.897652,3
80,0.1,1000,128,0.001,0.5,-914.798846,4
80,0.1,1000,128,0.001,0.5,-1496.029453,5
80,0.1,1000,128,0.001,0.5,-1495.760494,6
80,0.1,1000,128,0.001,0.5,-1097.431725,7
80,0.1,1000,128,0.001,0.5,-1241.370506,8
80,0.1,1000,128,0.001,0.5,-1372.915626,9
80,0.1,1000,128,0.001,0.5,-1502.683932,10
80,0.1,1000,128,0.001,0.5,-1482.456283,11
80,0.1,1000,128,0.001,0.5,-947.796791,12
80,0.1,1000,128,0.001,0.5,-1636.496408,13
80,0.1,1000,128,0.001,0.5,-1206.947614,14
80,0.1,1000,128,0.001,0.5,-1612.796007,15
80,0.1,1000,128,0.001,0.5,-1493.609947,16
80,0.1,1000,128,0.001,0.5,-1191.670981,17
80,0.1,1000,128,0.001,0.5,-1585.097412,18
80,0.1,1000,128,0.001,0.5,-1497.376454,19
80,0.1,1000,128,0.001,0.5,-1497.896301,20
81,0.1,1000,128,0.001,0.99,-1613.41624,1
81,0.1,1000,128,0.001,0.99,-1645.168509,2
81,0.1,1000,128,0.001,0.99,-1299.362401,3
81,0.1,1000,128,0.001,0.99,-1674.099408,4
81,0.1,1000,128,0.001,0.99,-1620.971429,5
81,0.1,1000,128,0.001,0.99,-1626.227947,6
81,0.1,1000,128,0.001,0.99,-1104.692906,7
81,0.1,1000,128,0.001,0.99,-1224.592687,8
81,0.1,1000,128,0.001,0.99,-1667.579543,9
81,0.1,1000,128,0.001,0.99,-1491.300979,10
81,0.1,1000,128,0.001,0.99,-1654.168353,11
81,0.1,1000,128,0.001,0.99,-1373.621786,12
81,0.1,1000,128,0.001,0.99,-1455.288023,13
81,0.1,1000,128,0.001,0.99,-720.168359,14
81,0.1,1000,128,0.001,0.99,-1602.439464,15
81,0.1,1000,128,0.001,0.99,-940.929652,16
81,0.1,1000,128,0.001,0.99,-1591.474342,17
81,0.1,1000,128,0.001,0.99,-1407.967229,18
81,0.1,1000,128,0.001,0.99,-1419.361559,19
81,0.1,1000,128,0.001,0.99,-1652.256088,20
82,0.1,1000,128,0.01,0.5,-1681.654066,1
82,0.1,1000,128,0.01,0.5,-1507.871273,2
82,0.1,1000,128,0.01,0.5,-1578.560875,3
82,0.1,1000,128,0.01,0.5,-1628.637614,4
82,0.1,1000,128,0.01,0.5,-1054.446672,5
82,0.1,1000,128,0.01,0.5,-1447.694363,6
82,0.1,1000,128,0.01,0.5,-1678.12122,7
82,0.1,1000,128,0.01,0.5,-722.411194,8
82,0.1,1000,128,0.01,0.5,-1414.485246,9
82,0.1,1000,128,0.01,0.5,-835.261223,10
82,0.1,1000,128,0.01,0.5,-1048.82848,11
82,0.1,1000,128,0.01,0.5,-1392.900456,12
82,0.1,1000,128,0.01,0.5,-1684.716177,13
82,0.1,1000,128,0.01,0.5,-1604.345805,14
82,0.1,1000,128,0.01,0.5,-1119.271278,15
82,0.1,1000,128,0.01,0.5,-1496.396478,16
82,0.1,1000,128,0.01,0.5,-1651.884255,17
82,0.1,1000,128,0.01,0.5,-1512.174757,18
82,0.1,1000,128,0.01,0.5,-1575.060315,19
82,0.1,1000,128,0.01,0.5,-1500.697629,20
83,0.1,1000,128,0.01,0.99,-1474.000152,1
83,0.1,1000,128,0.01,0.99,-1260.513912,2
83,0.1,1000,128,0.01,0.99,-1396.101849,3
83,0.1,1000,128,0.01,0.99,-1514.079322,4
83,0.1,1000,128,0.01,0.99,-1490.927455,5
83,0.1,1000,128,0.01,0.99,-952.447671,6
83,0.1,1000,128,0.01,0.99,-1588.307316,7
83,0.1,1000,128,0.01,0.99,-1448.113786,8
83,0.1,1000,128,0.01,0.99,-1655.704119,9
83,0.1,1000,128,0.01,0.99,-1620.673994,10
83,0.1,1000,128,0.01,0.99,-1399.398255,11
83,0.1,1000,128,0.01,0.99,-1689.832904,12
83,0.1,1000,128,0.01,0.99,-1555.935403,13
83,0.1,1000,128,0.01,0.99,-1460.25768,14
83,0.1,1000,128,0.01,0.99,-1338.478298,15
83,0.1,1000,128,0.01,0.99,-1145.507492,16
83,0.1,1000,128,0.01,0.99,-1684.097251,17
83,0.1,1000,128,0.01,0.99,-1633.380628,18
83,0.1,1000,128,0.01,0.99,-1665.555786,19
83,0.1,1000,128,0.01,0.99,-1356.414187,20
84,0.1,10000,32,0.001,0.5,-1062.131369,1
84,0.1,10000,32,0.001,0.5,-1505.78303,2
84,0.1,10000,32,0.001,0.5,-1619.240094,3
84,0.1,10000,32,0.001,0.5,-1046.156242,4
84,0.1,10000,32,0.001,0.5,-1631.887418,5
84,0.1,10000,32,0.001,0.5,-1667.251956,6
84,0.1,10000,32,0.001,0.5,-720.133932,7
84,0.1,10000,32,0.001,0.5,-1332.509019,8
84,0.1,10000,32,0.001,0.5,-820.728888,9
84,0.1,10000,32,0.001,0.5,-1381.791238,10
84,0.1,10000,32,0.001,0.5,-1405.370016,11
84,0.1,10000,32,0.001,0.5,-1643.625146,12
84,0.1,10000,32,0.001,0.5,-1647.998576,13
84,0.1,10000,32,0.001,0.5,-1633.350923,14
84,0.1,10000,32,0.001,0.5,-1422.6518,15
84,0.1,10000,32,0.001,0.5,-1191.48797,16
84,0.1,10000,32,0.001,0.5,-1418.691874,17
84,0.1,10000,32,0.001,0.5,-1679.780819,18
84,0.1,10000,32,0.001,0.5,-1072.172721,19
84,0.1,10000,32,0.001,0.5,-1263.761644,20
85,0.1,10000,32,0.001,0.99,-1114.145121,1
85,0.1,10000,32,0.001,0.99,-1644.573542,2
85,0.1,10000,32,0.001,0.99,-1689.631862,3
85,0.1,10000,32,0.001,0.99,-1498.018712,4
85,0.1,10000,32,0.001,0.99,-1349.229009,5
85,0.1,10000,32,0.001,0.99,-952.809233,6
85,0.1,10000,32,0.001,0.99,-1403.355877,7
85,0.1,10000,32,0.001,0.99,-1145.899331,8
85,0.1,10000,32,0.001,0.99,-1688.257062,9
85,0.1,10000,32,0.001,0.99,-1504.528346,10
85,0.1,10000,32,0.001,0.99,-1398.628079,11
85,0.1,10000,32,0.001,0.99,-1086.095411,12
85,0.1,10000,32,0.001,0.99,-1230.768139,13
85,0.1,10000,32,0.001,0.99,-1642.436755,14
85,0.1,10000,32,0.001,0.99,-1389.932477,15
85,0.1,10000,32,0.001,0.99,-1636.366872,16
85,0.1,10000,32,0.001,0.99,-1002.941104,17
85,0.1,10000,32,0.001,0.99,-1498.654639,18
85,0.1,10000,32,0.001,0.99,-1675.086226,19
85,0.1,10000,32,0.001,0.99,-1597.514713,20
86,0.1,10000,32,0.01,0.5,-1594.367906,1
86,0.1,10000,32,0.01,0.5,-1136.565987,2
86,0.1,10000,32,0.01,0.5,-1664.057941,3
86,0.1,10000,32,0.01,0.5,-1663.102667,4
86,0.1,10000,32,0.01,0.5,-1616.384374,5
86,0.1,10000,32,0.01,0.5,-1586.797018,6
86,0.1,10000,32,0.01,0.5,-1229.307125,7
86,0.1,10000,32,0.01,0.5,-1595.517119,8
86,0.1,10000,32,0.01,0.5,-1459.690751,9
86,0.1,10000,32,0.01,0.5,-1635.347742,10
86,0.1,10000,32,0.01,0.5,-1284.407172,11
86,0.1,10000,32,0.01,0.5,-1608.037229,12
86,0.1,10000,32,0.01,0.5,-1593.960665,13
86,0.1,10000,32,0.01,0.5,-1493.832444,14
86,0.1,10000,32,0.01,0.5,-962.063006,15
86,0.1,10000,32,0.01,0.5,-1142.5115,16
86,0.1,10000,32,0.01,0.5,-1680.598969,17
86,0.1,10000,32,0.01,0.5,-1058.027973,18
86,0.1,10000,32,0.01,0.5,-1499.367662,19
86,0.1,10000,32,0.01,0.5,-1361.98993,20
87,0.1,10000,32,0.01,0.99,-1495.248488,1
87,0.1,10000,32,0.01,0.99,-1352.042413,2
87,0.1,10000,32,0.01,0.99,-1673.821545,3
87,0.1,10000,32,0.01,0.99,-1490.88374,4
87,0.1,10000,32,0.01,0.99,-1162.829683,5
87,0.1,10000,32,0.01,0.99,-602.259336,6
87,0.1,10000,32,0.01,0.99,-1379.357026,7
87,0.1,10000,32,0.01,0.99,-1099.355929,8
87,0.1,10000,32,0.01,0.99,-819.229286,9
87,0.1,10000,32,0.01,0.99,-1516.282791,10
87,0.1,10000,32,0.01,0.99,-1429.977489,11
87,0.1,10000,32,0.01,0.99,-1661.154353,12
87,0.1,10000,32,0.01,0.99,-1502.553337,13
87,0.1,10000,32,0.01,0.99,-1493.6401,14
87,0.1,10000,32,0.01,0.99,-1612.264213,15
87,0.1,10000,32,0.01,0.99,-1501.835526,16
87,0.1,10000,32,0.01,0.99,-1585.548842,17
87,0.1,10000,32,0.01,0.99,-1058.165487,18
87,0.1,10000,32,0.01,0.99,-1429.151099,19
87,0.1,10000,32,0.01,0.99,-1457.95795,20
88,0.1,10000,64,0.001,0.5,-1504.062968,1
88,0.1,10000,64,0.001,0.5,-1509.382451,2
88,0.1,10000,64,0.001,0.5,-1394.442537,3
88,0.1,10000,64,0.001,0.5,-1654.203671,4
88,0.1,10000,64,0.001,0.5,-1598.755545,5
88,0.1,10000,64,0.001,0.5,-1616.267585,6
88,0.1,10000,64,0.001,0.5,-1624.913723,7
88,0.1,10000,64,0.001,0.5,-1491.240923,8
88,0.1,10000,64,0.001,0.5,-1488.628658,9
88,0.1,10000,64,0.001,0.5,-1618.857526,10
88,0.1,10000,64,0.001,0.5,-1339.68724,11
88,0.1,10000,64,0.001,0.5,-1250.154957,12
88,0.1,10000,64,0.001,0.5,-1589.630214,13
88,0.1,10000,64,0.001,0.5,-1634.624082,14
88,0.1,10000,64,0.001,0.5,-1529.185834,15
88,0.1,10000,64,0.001,0.5,-1234.864941,16
88,0.1,10000,64,0.001,0.5,-1499.884242,17
88,0.1,10000,64,0.001,0.5,-1496.729273,18
88,0.1,10000,64,0.001,0.5,-1145.323238,19
88,0.1,10000,64,0.001,0.5,-1579.035756,20
89,0.1,10000,64,0.001,0.99,-1463.861319,1
89,0.1,10000,64,0.001,0.99,-1002.576563,2
89,0.1,10000,64,0.001,0.99,-1578.848965,3
89,0.1,10000,64,0.001,0.99,-1472.597275,4
89,0.1,10000,64,0.001,0.99,-1672.829671,5
89,0.1,10000,64,0.001,0.99,-1450.074926,6
89,0.1,10000,64,0.001,0.99,-944.756802,7
89,0.1,10000,64,0.001,0.99,-1301.249783,8
89,0.1,10000,64,0.001,0.99,-1401.260978,9
89,0.1,10000,64,0.001,0.99,-1495.891941,10
89,0.1,10000,64,0.001,0.99,-1509.659126,11
89,0.1,10000,64,0.001,0.99,-1675.865693,12
89,0.1,10000,64,0.001,0.99,-1601.648429,13
89,0.1,10000,64,0.001,0.99,-1653.37844,14
89,0.1,10000,64,0.001,0.99,-1688.641514,15
89,0.1,10000,64,0.001,0.99,-1096.866228,16
89,0.1,10000,64,0.001,0.99,-1398.328867,17
89,0.1,10000,64,0.001,0.99,-1497.069869,18
89,0.1,10000,64,0.001,0.99,-1330.775373,19
89,0.1,10000,64,0.001,0.99,-1572.568072,20
90,0.1,10000,64,0.01,0.5,-1503.281932,1
90,0.1,10000,64,0.01,0.5,-1686.212309,2
90,0.1,10000,64,0.01,0.5,-1651.590858,3
90,0.1,10000,64,0.01,0.5,-1372.3317,4
90,0.1,10000,64,0.01,0.5,-1500.88151,5
90,0.1,10000,64,0.01,0.5,-1461.169989,6
90,0.1,10000,64,0.01,0.5,-1395.046917,7
90,0.1,10000,64,0.01,0.5,-1688.440827,8
90,0.1,10000,64,0.01,0.5,-1218.177708,9
90,0.1,10000,64,0.01,0.5,-1254.504131,10
90,0.1,10000,64,0.01,0.5,-1568.663323,11
90,0.1,10000,64,0.01,0.5,-1572.269387,12
90,0.1,10000,64,0.01,0.5,-1209.929964,13
90,0.1,10000,64,0.01,0.5,-1501.19926,14
90,0.1,10000,64,0.01,0.5,-1664.431746,15
90,0.1,10000,64,0.01,0.5,-1645.20828,16
90,0.1,10000,64,0.01,0.5,-1669.28371,17
90,0.1,10000,64,0.01,0.5,-953.406232,18
90,0.1,10000,64,0.01,0.5,-1674.455269,19
90,0.1,10000,64,0.01,0.5,-1059.958087,20
91,0.1,10000,64,0.01,0.99,-1218.210534,1
91,0.1,10000,64,0.01,0.99,-1592.369934,2
91,0.1,10000,64,0.01,0.99,-1029.457029,3
91,0.1,10000,64,0.01,0.99,-1663.971485,4
91,0.1,10000,64,0.01,0.99,-1386.868032,5
91,0.1,10000,64,0.01,0.99,-1202.106127,6
91,0.1,10000,64,0.01,0.99,-1598.080816,7
91,0.1,10000,64,0.01,0.99,-1603.26769,8
91,0.1,10000,64,0.01,0.99,-1192.141954,9
91,0.1,10000,64,0.01,0.99,-1632.675407,10
91,0.1,10000,64,0.01,0.99,-1624.477208,11
91,0.1,10000,64,0.01,0.99,-1096.212904,12
91,0.1,10000,64,0.01,0.99,-1671.141601,13
91,0.1,10000,64,0.01,0.99,-1037.272813,14
91,0.1,10000,64,0.01,0.99,-1675.789103,15
91,0.1,10000,64,0.01,0.99,-1496.322886,16
91,0.1,10000,64,0.01,0.99,-1192.358297,17
91,0.1,10000,64,0.01,0.99,-1469.237233,18
91,0.1,10000,64,0.01,0.99,-836.758457,19
91,0.1,10000,64,0.01,0.99,-1688.640839,20
92,0.1,10000,128,0.001,0.5,-1625.485136,1
92,0.1,10000,128,0.001,0.5,-1645.835808,2
92,0.1,10000,128,0.001,0.5,-1592.327628,3
92,0.1,10000,128,0.001,0.5,-1153.502925,4
92,0.1,10000,128,0.001,0.5,-1418.026567,5
92,0.1,10000,128,0.001,0.5,-1318.661661,6
92,0.1,10000,128,0.001,0.5,-1056.305186,7
92,0.1,10000,128,0.001,0.5,-1484.504795,8
92,0.1,10000,128,0.001,0.5,-1285.454477,9
92,0.1,10000,128,0.001,0.5,-1645.209707,10
92,0.1,10000,128,0.001,0.5,-1494.034394,11
92,0.1,10000,128,0.001,0.5,-1522.675624,12
92,0.1,10000,128,0.001,0.5,-1225.444411,13
92,0.1,10000,128,0.001,0.5,-1338.307562,14
92,0.1,10000,128,0.001,0.5,-1188.016892,15
92,0.1,10000,128,0.001,0.5,-1672.670895,16
92,0.1,10000,128,0.001,0.5,-1377.398181,17
92,0.1,10000,128,0.001,0.5,-1157.876627,18
92,0.1,10000,128,0.001,0.5,-1363.407994,19
92,0.1,10000,128,0.001,0.5,-1497.579963,20
93,0.1,10000,128,0.001,0.99,-1045.34028,1
93,0.1,10000,128,0.001,0.99,-1642.20431,2
93,0.1,10000,128,0.001,0.99,-949.012196,3
93,0.1,10000,128,0.001,0.99,-1355.101833,4
93,0.1,10000,128,0.001,0.99,-1684.150017,5
93,0.1,10000,128,0.001,0.99,-1643.472474,6
93,0.1,10000,128,0.001,0.99,-1577.029817,7
93,0.1,10000,128,0.001,0.99,-1427.371838,8
93,0.1,10000,128,0.001,0.99,-972.106873,9
93,0.1,10000,128,0.001,0.99,-1504.939194,10
93,0.1,10000,128,0.001,0.99,-854.575062,11
93,0.1,10000,128,0.001,0.99,-1327.214198,12
93,0.1,10000,128,0.001,0.99,-987.977801,13
93,0.1,10000,128,0.001,0.99,-1302.235279,14
93,0.1,10000,128,0.001,0.99,-1556.821979,15
93,0.1,10000,128,0.001,0.99,-1588.804426,16
93,0.1,10000,128,0.001,0.99,-1063.631323,17
93,0.1,10000,128,0.001,0.99,-1672.030681,18
93,0.1,10000,128,0.001,0.99,-1421.407403,19
93,0.1,10000,128,0.001,0.99,-1266.076345,20
94,0.1,10000,128,0.01,0.5,-1599.879954,1
94,0.1,10000,128,0.01,0.5,-1095.016791,2
94,0.1,10000,128,0.01,0.5,-1394.554798,3
94,0.1,10000,128,0.01,0.5,-1634.305123,4
94,0.1,10000,128,0.01,0.5,-1496.42988,5
94,0.1,10000,128,0.01,0.5,-1413.074416,6
94,0.1,10000,128,0.01,0.5,-1493.198792,7
94,0.1,10000,128,0.01,0.5,-1492.556678,8
94,0.1,10000,128,0.01,0.5,-1065.372689,9
94,0.1,10000,128,0.01,0.5,-1502.449158,10
94,0.1,10000,128,0.01,0.5,-1565.220502,11
94,0.1,10000,128,0.01,0.5,-1616.408223,12
94,0.1,10000,128,0.01,0.5,-1505.979617,13
94,0.1,10000,128,0.01,0.5,-1509.081024,14
94,0.1,10000,128,0.01,0.5,-1520.288594,15
94,0.1,10000,128,0.01,0.5,-1361.148228,16
94,0.1,10000,128,0.01,0.5,-1649.505558,17
94,0.1,10000,128,0.01,0.5,-1667.656285,18
94,0.1,10000,128,0.01,0.5,-1499.919443,19
94,0.1,10000,128,0.01,0.5,-1642.349119,20
95,0.1,10000,128,0.01,0.99,-986.318455,1
95,0.1,10000,128,0.01,0.99,-1534.807948,2
95,0.1,10000,128,0.01,0.99,-1530.939285,3
95,0.1,10000,128,0.01,0.99,-837.437865,4
95,0.1,10000,128,0.01,0.99,-1196.347827,5
95,0.1,10000,128,0.01,0.99,-1510.94042,6
95,0.1,10000,128,0.01,0.99,-1667.538062,7
95,0.1,10000,128,0.01,0.99,-1298.83871,8
95,0.1,10000,128,0.01,0.99,-1475.618131,9
95,0.1,10000,128,0.01,0.99,-1510.537176,10
95,0.1,10000,128,0.01,0.99,-1618.864424,11
95,0.1,10000,128,0.01,0.99,-1649.924094,12
95,0.1,10000,128,0.01,0.99,-1176.975572,13
95,0.1,10000,128,0.01,0.99,-1681.658566,14
95,0.1,10000,128,0.01,0.99,-1666.770699,15
95,0.1,10000,128,0.01,0.99,-1668.878955,16
95,0.1,10000,128,0.01,0.99,-1656.159744,17
95,0.1,10000,128,0.01,0.99,-1687.39207,18
95,0.1,10000,128,0.01,0.99,-1164.471683,19
95,0.1,10000,128,0.01,0.99,-1525.402148,20
96,0.1,100000,32,0.001,0.5,-1663.180663,1
96,0.1,100000,32,0.001,0.5,-1243.680967,2
96,0.1,100000,32,0.001,0.5,-1681.870107,3
96,0.1,100000,32,0.001,0.5,-1678.735939,4
96,0.1,100000,32,0.001,0.5,-975.042053,5
96,0.1,100000,32,0.001,0.5,-946.957375,6
96,0.1,100000,32,0.001,0.5,-1679.942804,7
96,0.1,100000,32,0.001,0.5,-1621.657231,8
96,0.1,100000,32,0.001,0.5,-1658.698713,9
96,0.1,100000,32,0.001,0.5,-921.950896,10
96,0.1,100000,32,0.001,0.5,-1384.918767,11
96,0.1,100000,32,0.001,0.5,-1525.221042,12
96,0.1,100000,32,0.001,0.5,-1632.47803,13
96,0.1,100000,32,0.001,0.5,-1493.284507,14
96,0.1,100000,32,0.001,0.5,-1677.685892,15
96,0.1,100000,32,0.001,0.5,-1382.590113,16
96,0.1,100000,32,0.001,0.5,-1248.984356,17
96,0.1,100000,32,0.001,0.5,-1058.050621,18
96,0.1,100000,32,0.001,0.5,-1473.195675,19
96,0.1,100000,32,0.001,0.5,-1678.227496,20
97,0.1,100000,32,0.001,0.99,-1300.114178,1
97,0.1,100000,32,0.001,0.99,-1624.700083,2
97,0.1,100000,32,0.001,0.99,-838.772673,3
97,0.1,100000,32,0.001,0.99,-1278.952161,4
97,0.1,100000,32,0.001,0.99,-1394.959401,5
97,0.1,100000,32,0.001,0.99,-1290.529868,6
97,0.1,100000,32,0.001,0.99,-1271.034987,7
97,0.1,100000,32,0.001,0.99,-950.348562,8
97,0.1,100000,32,0.001,0.99,-1667.624028,9
97,0.1,100000,32,0.001,0.99,-1596.691784,10
97,0.1,100000,32,0.001,0.99,-1652.375399,11
97,0.1,100000,32,0.001,0.99,-1512.303312,12
97,0.1,100000,32,0.001,0.99,-1566.473963,13
97,0.1,100000,32,0.001,0.99,-1299.012649,14
97,0.1,100000,32,0.001,0.99,-1632.493672,15
97,0.1,100000,32,0.001,0.99,-1071.563515,16
97,0.1,100000,32,0.001,0.99,-1615.349083,17
97,0.1,100000,32,0.001,0.99,-1379.578166,18
97,0.1,100000,32,0.001,0.99,-1668.896285,19
97,0.1,100000,32,0.001,0.99,-1590.061861,20
98,0.1,100000,32,0.01,0.5,-1600.55439,1
98,0.1,100000,32,0.01,0.5,-1612.148104,2
98,0.1,100000,32,0.01,0.5,-820.719985,3
98,0.1,100000,32,0.01,0.5,-1600.860528,4
98,0.1,100000,32,0.01,0.5,-1245.222789,5
98,0.1,100000,32,0.01,0.5,-1689.378409,6
98,0.1,100000,32,0.01,0.5,-1200.434347,7
98,0.1,100000,32,0.01,0.5,-1685.826982,8
98,0.1,100000,32,0.01,0.5,-1506.372793,9
98,0.1,100000,32,0.01,0.5,-1687.038091,10
98,0.1,100000,32,0.01,0.5,-1570.216442,11
98,0.1,100000,32,0.01,0.5,-1483.849441,12
98,0.1,100000,32,0.01,0.5,-1673.293144,13
98,0.1,100000,32,0.01,0.5,-1633.655643,14
98,0.1,100000,32,0.01,0.5,-1642.934652,15
98,0.1,100000,32,0.01,0.5,-1495.115767,16
98,0.1,100000,32,0.01,0.5,-1398.427849,17
98,0.1,100000,32,0.01,0.5,-1623.285916,18
98,0.1,100000,32,0.01,0.5,-1436.357441,19
98,0.1,100000,32,0.01,0.5,-1600.323944,20
99,0.1,100000,32,0.01,0.99,-1653.989341,1
99,0.1,100000,32,0.01,0.99,-1679.553338,2
99,0.1,100000,32,0.01,0.99,-1618.565462,3
99,0.1,100000,32,0.01,0.99,-1418.012257,4
99,0.1,100000,32,0.01,0.99,-1640.133796,5
99,0.1,100000,32,0.01,0.99,-1395.459439,6
99,0.1,100000,32,0.01,0.99,-1577.549047,7
99,0.1,100000,32,0.01,0.99,-1294.921353,8
99,0.1,100000,32,0.01,0.99,-1258.05927,9
99,0.1,100000,32,0.01,0.99,-947.728175,10
99,0.1,100000,32,0.01,0.99,-1681.001311,11
99,0.1,100000,32,0.01,0.99,-1592.241248,12
99,0.1,100000,32,0.01,0.99,-1653.818292,13
99,0.1,100000,32,0.01,0.99,-1645.235278,14
99,0.1,100000,32,0.01,0.99,-1594.647116,15
99,0.1,100000,32,0.01,0.99,-1493.831893,16
99,0.1,100000,32,0.01,0.99,-1265.662974,17
99,0.1,100000,32,0.01,0.99,-1597.812694,18
99,0.1,100000,32,0.01,0.99,-1632.130091,19
99,0.1,100000,32,0.01,0.99,-1605.42953,20
100,0.1,100000,64,0.001,0.5,-1520.124834,1
100,0.1,100000,64,0.001,0.5,-1666.500133,2
100,0.1,100000,64,0.001,0.5,-1285.905927,3
100,0.1,100000,64,0.001,0.5,-1185.361617,4
100,0.1,100000,64,0.001,0.5,-1432.223347,5
100,0.1,100000,64,0.001,0.5,-1210.102595,6
100,0.1,100000,64,0.001,0.5,-1681.111089,7
100,0.1,100000,64,0.001,0.5,-1199.154218,8
100,0.1,100000,64,0.001,0.5,-1597.432549,9
100,0.1,100000,64,0.001,0.5,-1430.879504,10
100,0.1,100000,64,0.001,0.5,-1666.277247,11
100,0.1,100000,64,0.001,0.5,-1507.249088,12
100,0.1,100000,64,0.001,0.5,-1465.452743,13
100,0.1,100000,64,0.001,0.5,-1474.919261,14
100,0.1,100000,64,0.001,0.5,-1496.392055,15
100,0.1,100000,64,0.001,0.5,-1495.454788,16
100,0.1,100000,64,0.001,0.5,-951.952458,17
100,0.1,100000,64,0.001,0.5,-1518.479872,18
100,0.1,100000,64,0.001,0.5,-1653.668766,19
100,0.1,100000,64,0.001,0.5,-1169.168837,20
101,0.1,100000,64,0.001,0.99,-1453.992008,1
101,0.1,100000,64,0.001,0.99,-948.663647,2
101,0.1,100000,64,0.001,0.99,-1497.799947,3
101,0.1,100000,64,0.001,0.99,-1588.212631,4
101,0.1,100000,64,0.001,0.99,-1200.686944,5
101,0.1,100000,64,0.001,0.99,-1161.375647,6
101,0.1,100000,64,0.001,0.99,-1579.929526,7
101,0.1,100000,64,0.001,0.99,-1554.848974,8
101,0.1,100000,64,0.001,0.99,-1656.483024,9
101,0.1,100000,64,0.001,0.99,-1485.626148,10
101,0.1,100000,64,0.001,0.99,-1626.958364,11
101,0.1,100000,64,0.001,0.99,-1504.625973,12
101,0.1,100000,64,0.001,0.99,-1627.94415,13
101,0.1,100000,64,0.001,0.99,-1225.478586,14
101,0.1,100000,64,0.001,0.99,-1514.859611,15
101,0.1,100000,64,0.001,0.99,-1513.373572,16
101,0.1,100000,64,0.001,0.99,-1188.72108,17
101,0.1,100000,64,0.001,0.99,-1377.649941,18
101,0.1,100000,64,0.001,0.99,-1483.274109,19
101,0.1,100000,64,0.001,0.99,-846.005878,20
102,0.1,100000,64,0.01,0.5,-1499.024333,1
102,0.1,100000,64,0.01,0.5,-1493.486697,2
102,0.1,100000,64,0.01,0.5,-1447.150276,3
102,0.1,100000,64,0.01,0.5,-1389.939516,4
102,0.1,100000,64,0.01,0.5,-1516.214531,5
102,0.1,100000,64,0.01,0.5,-1186.452812,6
102,0.1,100000,64,0.01,0.5,-1668.500773,7
102,0.1,100000,64,0.01,0.5,-1062.95243,8
102,0.1,100000,64,0.01,0.5,-1606.02905,9
102,0.1,100000,64,0.01,0.5,-1526.254934,10
102,0.1,100000,64,0.01,0.5,-1502.730086,11
102,0.1,100000,64,0.01,0.5,-1243.11127,12
102,0.1,100000,64,0.01,0.5,-1504.279461,13
102,0.1,100000,64,0.01,0.5,-1609.998828,14
102,0.1,100000,64,0.01,0.5,-1490.885945,15
102,0.1,100000,64,0.01,0.5,-1367.331261,16
102,0.1,100000,64,0.01,0.5,-724.105799,17
102,0.1,100000,64,0.01,0.5,-1668.951029,18
102,0.1,100000,64,0.01,0.5,-1468.589257,19
102,0.1,100000,64,0.01,0.5,-1272.146996,20
103,0.1,100000,64,0.01,0.99,-1672.660942,1
103,0.1,100000,64,0.01,0.99,-1486.916878,2
103,0.1,100000,64,0.01,0.99,-1645.196864,3
103,0.1,100000,64,0.01,0.99,-930.196029,4
103,0.1,100000,64,0.01,0.99,-1634.624804,5
103,0.1,100000,64,0.01,0.99,-1431.120009,6
103,0.1,100000,64,0.01,0.99,-1507.654711,7
103,0.1,100000,64,0.01,0.99,-1040.278704,8
103,0.1,100000,64,0.01,0.99,-1179.604002,9
103,0.1,100000,64,0.01,0.99,-1582.077558,10
103,0.1,100000,64,0.01,0.99,-734.164459,11
103,0.1,100000,64,0.01,0.99,-1495.576698,12
103,0.1,100000,64,0.01,0.99,-1466.978836,13
103,0.1,100000,64,0.01,0.99,-789.321906,14
103,0.1,100000,64,0.01,0.99,-1463.063832,15
103,0.1,100000,64,0.01,0.99,-1665.720943,16
103,0.1,100000,64,0.01,0.99,-1554.032201,17
103,0.1,100000,64,0.01,0.99,-1496.007272,18
103,0.1,100000,64,0.01,0.99,-1668.346659,19
103,0.1,100000,64,0.01,0.99,-1193.30317,20
104,0.1,100000,128,0.001,0.5,-1497.729652,1
104,0.1,100000,128,0.001,0.5,-1638.076104,2
104,0.1,100000,128,0.001,0.5,-1614.808442,3
104,0.1,100000,128,0.001,0.5,-1595.16328,4
104,0.1,100000,128,0.001,0.5,-1497.566663,5
104,0.1,100000,128,0.001,0.5,-1649.275634,6
104,0.1,100000,128,0.001,0.5,-1672.48816,7
104,0.1,100000,128,0.001,0.5,-1523.235202,8
104,0.1,100000,128,0.001,0.5,-1594.557817,9
104,0.1,100000,128,0.001,0.5,-1632.619693,10
104,0.1,100000,128,0.001,0.5,-1444.042665,11
104,0.1,100000,128,0.001,0.5,-1688.413222,12
104,0.1,100000,128,0.001,0.5,-1659.122213,13
104,0.1,100000,128,0.001,0.5,-1169.238044,14
104,0.1,100000,128,0.001,0.5,-1630.285389,15
104,0.1,100000,128,0.001,0.5,-1178.858302,16
104,0.1,100000,128,0.001,0.5,-1500.901172,17
104,0.1,100000,128,0.001,0.5,-1601.752908,18
104,0.1,100000,128,0.001,0.5,-1632.477918,19
104,0.1,100000,128,0.001,0.5,-1651.843571,20
105,0.1,100000,128,0.001,0.99,-1492.214328,1
105,0.1,100000,128,0.001,0.99,-1650.60985,2
105,0.1,100000,128,0.001,0.99,-1525.233759,3
105,0.1,100000,128,0.001,0.99,-1497.820877,4
105,0.1,100000,128,0.001,0.99,-1403.94956,5
105,0.1,100000,128,0.001,0.99,-1648.400505,6
105,0.1,100000,128,0.001,0.99,-1332.54694,7
105,0.1,100000,128,0.001,0.99,-1206.616069,8
105,0.1,100000,128,0.001,0.99,-1161.20838,9
105,0.1,100000,128,0.001,0.99,-1516.759052,10
105,0.1,100000,128,0.001,0.99,-1053.235077,11
105,0.1,100000,128,0.001,0.99,-1660.154532,12
105,0.1,100000,128,0.001,0.99,-1624.023832,13
105,0.1,100000,128,0.001,0.99,-1620.261147,14
105,0.1,100000,128,0.001,0.99,-1666.99915,15
105,0.1,100000,128,0.001,0.99,-1459.80232,16
105,0.1,100000,128,0.001,0.99,-1117.791008,17
105,0.1,100000,128,0.001,0.99,-837.89754,18
105,0.1,100000,128,0.001,0.99,-1200.322252,19
105,0.1,100000,128,0.001,0.99,-1679.352625,20
106,0.1,100000,128,0.01,0.5,-1499.998191,1
106,0.1,100000,128,0.01,0.5,-1675.57827,2
106,0.1,100000,128,0.01,0.5,-1496.325944,3
106,0.1,100000,128,0.01,0.5,-1493.55042,4
106,0.1,100000,128,0.01,0.5,-1250.196331,5
106,0.1,100000,128,0.01,0.5,-1329.98668,6
106,0.1,100000,128,0.01,0.5,-1675.896726,7
106,0.1,100000,128,0.01,0.5,-1629.103856,8
106,0.1,100000,128,0.01,0.5,-1628.060169,9
106,0.1,100000,128,0.01,0.5,-1600.349019,10
106,0.1,100000,128,0.01,0.5,-1309.238474,11
106,0.1,100000,128,0.01,0.5,-1604.356364,12
106,0.1,100000,128,0.01,0.5,-1504.334941,13
106,0.1,100000,128,0.01,0.5,-1503.093984,14
106,0.1,100000,128,0.01,0.5,-1661.72076,15
106,0.1,100000,128,0.01,0.5,-1002.89122,16
106,0.1,100000,128,0.01,0.5,-1512.230139,17
106,0.1,100000,128,0.01,0.5,-1279.388453,18
106,0.1,100000,128,0.01,0.5,-1574.760165,19
106,0.1,100000,128,0.01,0.5,-1183.753223,20
107,0.1,100000,128,0.01,0.99,-1317.743456,1
107,0.1,100000,128,0.01,0.99,-1680.446271,2
107,0.1,100000,128,0.01,0.99,-1052.410628,3
107,0.1,100000,128,0.01,0.99,-1611.805224,4
107,0.1,100000,128,0.01,0.99,-1674.711226,5
107,0.1,100000,128,0.01,0.99,-1669.27635,6
107,0.1,100000,128,0.01,0.99,-1354.66672,7
107,0.1,100000,128,0.01,0.99,-1001.96913,8
107,0.1,100000,128,0.01,0.99,-1279.185931,9
107,0.1,100000,128,0.01,0.99,-1293.77673,10
107,0.1,100000,128,0.01,0.99,-1586.261761,11
107,0.1,100000,128,0.01,0.99,-1630.086375,12
107,0.1,100000,128,0.01,0.99,-1270.874221,13
107,0.1,100000,128,0.01,0.99,-1668.999429,14
107,0.1,100000,128,0.01,0.99,-1664.711286,15
107,0.1,100000,128,0.01,0.99,-1081.014297,16
107,0.1,100000,128,0.01,0.99,-1672.557162,17
107,0.1,100000,128,0.01,0.99,-1608.784389,18
107,0.1,100000,128,0.01,0.99,-1631.250004,19
107,0.1,100000,128,0.01,0.99,-1391.510157,20